distribution,ksize,sample_num,eigvec_angle
uniform,10,1,71.24365997314453
gaussian,10,1,78.73446655273438
dirac,10,1,81.0
orthogonal,10,1,81.49702453613281
sparse0.5,10,1,81.47566223144531
uniform,10,2,79.84569549560547
gaussian,10,2,76.36463928222656
dirac,10,2,81.0
orthogonal,10,2,86.99006652832031
sparse0.5,10,2,84.24287414550781
uniform,10,3,71.24163055419922
gaussian,10,3,75.53380584716797
dirac,10,3,81.0
orthogonal,10,3,79.92948150634766
sparse0.5,10,3,82.95127868652344
uniform,10,4,78.73979187011719
gaussian,10,4,85.44635009765625
dirac,10,4,81.0
orthogonal,10,4,78.5522232055664
sparse0.5,10,4,81.8796157836914
uniform,10,5,78.23103332519531
gaussian,10,5,78.04615783691406
dirac,10,5,81.0
orthogonal,10,5,80.70472717285156
sparse0.5,10,5,84.55058288574219
uniform,10,6,75.47464752197266
gaussian,10,6,78.09945678710938
dirac,10,6,81.0
orthogonal,10,6,81.90762329101562
sparse0.5,10,6,79.05644989013672
uniform,20,1,86.56478881835938
gaussian,20,1,81.94347381591797
dirac,20,1,85.5
orthogonal,20,1,89.7872085571289
sparse0.5,20,1,83.58760833740234
uniform,20,2,86.46702575683594
gaussian,20,2,85.86007690429688
dirac,20,2,85.5
orthogonal,20,2,84.3759765625
sparse0.5,20,2,81.04438781738281
uniform,20,3,83.34942626953125
gaussian,20,3,86.61334228515625
dirac,20,3,85.5
orthogonal,20,3,83.68150329589844
sparse0.5,20,3,85.5987777709961
uniform,20,4,85.41841125488281
gaussian,20,4,85.05916595458984
dirac,20,4,85.5
orthogonal,20,4,85.30964660644531
sparse0.5,20,4,85.07429504394531
uniform,20,5,83.21296691894531
gaussian,20,5,84.52421569824219
dirac,20,5,85.5
orthogonal,20,5,86.64164733886719
sparse0.5,20,5,88.53768920898438
uniform,20,6,84.1613540649414
gaussian,20,6,87.4142837524414
dirac,20,6,85.5
orthogonal,20,6,85.1703872680664
sparse0.5,20,6,86.21976470947266
uniform,30,1,84.34970092773438
gaussian,30,1,86.27193450927734
dirac,30,1,87.0
orthogonal,30,1,86.54281616210938
sparse0.5,30,1,85.87755584716797
uniform,30,2,86.38977813720703
gaussian,30,2,86.02095031738281
dirac,30,2,87.0
orthogonal,30,2,85.70486450195312
sparse0.5,30,2,87.63650512695312
uniform,30,3,87.99710845947266
gaussian,30,3,88.83155059814453
dirac,30,3,87.0
orthogonal,30,3,88.35332489013672
sparse0.5,30,3,87.7724609375
uniform,30,4,84.88240051269531
gaussian,30,4,86.51676177978516
dirac,30,4,87.0
orthogonal,30,4,87.93514251708984
sparse0.5,30,4,87.08805084228516
uniform,30,5,85.11878204345703
gaussian,30,5,88.23917388916016
dirac,30,5,87.0
orthogonal,30,5,87.74344635009766
sparse0.5,30,5,86.19859313964844
uniform,30,6,85.65547943115234
gaussian,30,6,87.77518463134766
dirac,30,6,87.0
orthogonal,30,6,87.59766387939453
sparse0.5,30,6,88.4249267578125
uniform,40,1,86.96038818359375
gaussian,40,1,88.28977966308594
dirac,40,1,87.75
orthogonal,40,1,89.34732055664062
sparse0.5,40,1,87.34658813476562
uniform,40,2,88.28680419921875
gaussian,40,2,87.6537094116211
dirac,40,2,87.75
orthogonal,40,2,88.69558715820312
sparse0.5,40,2,87.3188705444336
uniform,40,3,85.2713394165039
gaussian,40,3,88.0760269165039
dirac,40,3,87.75
orthogonal,40,3,86.73590850830078
sparse0.5,40,3,87.7087173461914
uniform,40,4,86.91476440429688
gaussian,40,4,87.7977066040039
dirac,40,4,87.75
orthogonal,40,4,89.2286376953125
sparse0.5,40,4,88.32633972167969
uniform,40,5,86.6277847290039
gaussian,40,5,88.02184295654297
dirac,40,5,87.75
orthogonal,40,5,87.176513671875
sparse0.5,40,5,87.86199951171875
uniform,40,6,86.89656829833984
gaussian,40,6,87.6156997680664
dirac,40,6,87.75
orthogonal,40,6,87.7744369506836
sparse0.5,40,6,88.34058380126953
uniform,50,1,86.4010009765625
gaussian,50,1,88.7051010131836
dirac,50,1,88.20000457763672
orthogonal,50,1,88.96038818359375
sparse0.5,50,1,89.09673309326172
uniform,50,2,86.9583511352539
gaussian,50,2,86.67913818359375
dirac,50,2,88.20000457763672
orthogonal,50,2,88.77303314208984
sparse0.5,50,2,87.91411590576172
uniform,50,3,86.61328125
gaussian,50,3,87.51461029052734
dirac,50,3,88.20000457763672
orthogonal,50,3,88.8629379272461
sparse0.5,50,3,87.8644027709961
uniform,50,4,87.53567504882812
gaussian,50,4,87.82698822021484
dirac,50,4,88.20000457763672
orthogonal,50,4,88.14306640625
sparse0.5,50,4,88.3302230834961
uniform,50,5,86.94005584716797
gaussian,50,5,88.8177261352539
dirac,50,5,88.20000457763672
orthogonal,50,5,88.2745590209961
sparse0.5,50,5,88.66874694824219
uniform,50,6,87.0614013671875
gaussian,50,6,88.47505950927734
dirac,50,6,88.20000457763672
orthogonal,50,6,88.98001861572266
sparse0.5,50,6,88.8831787109375
uniform,60,1,88.0306167602539
gaussian,60,1,88.50456237792969
dirac,60,1,88.5
orthogonal,60,1,88.15320587158203
sparse0.5,60,1,89.4307861328125
uniform,60,2,87.40663146972656
gaussian,60,2,87.42918395996094
dirac,60,2,88.5
orthogonal,60,2,88.51673889160156
sparse0.5,60,2,88.36422729492188
uniform,60,3,87.8640365600586
gaussian,60,3,90.08190155029297
dirac,60,3,88.5
orthogonal,60,3,88.41702270507812
sparse0.5,60,3,88.48197174072266
uniform,60,4,88.4400863647461
gaussian,60,4,88.89826965332031
dirac,60,4,88.5
orthogonal,60,4,87.8283920288086
sparse0.5,60,4,88.35942077636719
uniform,60,5,88.07877349853516
gaussian,60,5,87.942138671875
dirac,60,5,88.5
orthogonal,60,5,87.98758697509766
sparse0.5,60,5,88.36349487304688
uniform,60,6,87.6423110961914
gaussian,60,6,88.13104248046875
dirac,60,6,88.5
orthogonal,60,6,89.2920913696289
sparse0.5,60,6,88.49349212646484
uniform,70,1,86.749267578125
gaussian,70,1,90.61591339111328
dirac,70,1,88.71428680419922
orthogonal,70,1,88.91630554199219
sparse0.5,70,1,89.27920532226562
uniform,70,2,89.08464813232422
gaussian,70,2,89.0018081665039
dirac,70,2,88.71428680419922
orthogonal,70,2,90.27049255371094
sparse0.5,70,2,89.0885238647461
uniform,70,3,88.47782135009766
gaussian,70,3,89.38101196289062
dirac,70,3,88.71428680419922
orthogonal,70,3,88.48416900634766
sparse0.5,70,3,89.05978393554688
uniform,70,4,88.20388793945312
gaussian,70,4,87.99302673339844
dirac,70,4,88.71428680419922
orthogonal,70,4,88.09547424316406
sparse0.5,70,4,88.42219543457031
uniform,70,5,88.01258850097656
gaussian,70,5,88.71812438964844
dirac,70,5,88.71428680419922
orthogonal,70,5,88.96905517578125
sparse0.5,70,5,88.60025787353516
uniform,70,6,87.5695571899414
gaussian,70,6,88.91532135009766
dirac,70,6,88.71428680419922
orthogonal,70,6,88.84664916992188
sparse0.5,70,6,88.00074005126953
uniform,80,1,87.36158752441406
gaussian,80,1,89.62955474853516
dirac,80,1,88.875
orthogonal,80,1,88.800537109375
sparse0.5,80,1,88.77100372314453
uniform,80,2,88.29527282714844
gaussian,80,2,89.41948699951172
dirac,80,2,88.875
orthogonal,80,2,87.9409408569336
sparse0.5,80,2,88.84114074707031
uniform,80,3,89.24163818359375
gaussian,80,3,88.98303985595703
dirac,80,3,88.875
orthogonal,80,3,88.62577056884766
sparse0.5,80,3,88.73456573486328
uniform,80,4,88.11659240722656
gaussian,80,4,89.7624740600586
dirac,80,4,88.875
orthogonal,80,4,88.9921875
sparse0.5,80,4,88.79829406738281
uniform,80,5,88.16313934326172
gaussian,80,5,88.69538116455078
dirac,80,5,88.875
orthogonal,80,5,88.40319061279297
sparse0.5,80,5,89.26014709472656
uniform,80,6,88.1312026977539
gaussian,80,6,88.78091430664062
dirac,80,6,88.875
orthogonal,80,6,89.27881622314453
sparse0.5,80,6,88.16056060791016
uniform,90,1,87.92839050292969
gaussian,90,1,88.45941162109375
dirac,90,1,89.0
orthogonal,90,1,89.97315216064453
sparse0.5,90,1,89.2917251586914
uniform,90,2,88.69798278808594
gaussian,90,2,89.09439086914062
dirac,90,2,89.0
orthogonal,90,2,89.20690155029297
sparse0.5,90,2,89.95037841796875
uniform,90,3,89.19060516357422
gaussian,90,3,89.41509246826172
dirac,90,3,89.0
orthogonal,90,3,88.61917114257812
sparse0.5,90,3,89.10323333740234
uniform,90,4,88.54431915283203
gaussian,90,4,89.00126647949219
dirac,90,4,89.0
orthogonal,90,4,89.06988525390625
sparse0.5,90,4,89.33938598632812
uniform,90,5,88.1815185546875
gaussian,90,5,89.3803482055664
dirac,90,5,89.0
orthogonal,90,5,89.1401596069336
sparse0.5,90,5,89.05592346191406
uniform,90,6,88.45145416259766
gaussian,90,6,89.28661346435547
dirac,90,6,89.0
orthogonal,90,6,89.04159545898438
sparse0.5,90,6,88.5758285522461
uniform,100,1,89.59093475341797
gaussian,100,1,88.02120971679688
dirac,100,1,89.10000610351562
orthogonal,100,1,88.96405029296875
sparse0.5,100,1,89.26935577392578
uniform,100,2,87.7264175415039
gaussian,100,2,89.49606323242188
dirac,100,2,89.10000610351562
orthogonal,100,2,88.68329620361328
sparse0.5,100,2,89.5587158203125
uniform,100,3,88.69741821289062
gaussian,100,3,89.18558502197266
dirac,100,3,89.10000610351562
orthogonal,100,3,89.20401000976562
sparse0.5,100,3,89.37738037109375
uniform,100,4,88.7532958984375
gaussian,100,4,88.90309143066406
dirac,100,4,89.10000610351562
orthogonal,100,4,89.42436981201172
sparse0.5,100,4,89.15132141113281
uniform,100,5,88.57579040527344
gaussian,100,5,88.83040618896484
dirac,100,5,89.10000610351562
orthogonal,100,5,88.96990203857422
sparse0.5,100,5,89.34650421142578
uniform,100,6,88.59358978271484
gaussian,100,6,89.19556427001953
dirac,100,6,89.10000610351562
orthogonal,100,6,89.2082748413086
sparse0.5,100,6,89.41736602783203
uniform,110,1,88.87846374511719
gaussian,110,1,88.43807983398438
dirac,110,1,89.18182373046875
orthogonal,110,1,89.4447250366211
sparse0.5,110,1,88.84740447998047
uniform,110,2,88.93545532226562
gaussian,110,2,88.4873046875
dirac,110,2,89.18182373046875
orthogonal,110,2,88.97039794921875
sparse0.5,110,2,89.80335998535156
uniform,110,3,88.40447998046875
gaussian,110,3,89.07562255859375
dirac,110,3,89.18182373046875
orthogonal,110,3,89.65877532958984
sparse0.5,110,3,89.3703384399414
uniform,110,4,88.84059143066406
gaussian,110,4,88.94559478759766
dirac,110,4,89.18182373046875
orthogonal,110,4,89.08486938476562
sparse0.5,110,4,89.05776977539062
uniform,110,5,89.16313171386719
gaussian,110,5,89.31050872802734
dirac,110,5,89.18182373046875
orthogonal,110,5,89.09282684326172
sparse0.5,110,5,88.99234771728516
uniform,110,6,88.69232177734375
gaussian,110,6,89.3099365234375
dirac,110,6,89.18182373046875
orthogonal,110,6,89.69473266601562
sparse0.5,110,6,89.30658721923828
uniform,120,1,88.23272705078125
gaussian,120,1,88.92428588867188
dirac,120,1,89.25
orthogonal,120,1,89.07359313964844
sparse0.5,120,1,88.81578063964844
uniform,120,2,88.6476058959961
gaussian,120,2,89.08678436279297
dirac,120,2,89.25
orthogonal,120,2,89.24528503417969
sparse0.5,120,2,89.48738098144531
uniform,120,3,88.00714111328125
gaussian,120,3,89.04401397705078
dirac,120,3,89.25
orthogonal,120,3,89.3624496459961
sparse0.5,120,3,89.53865814208984
uniform,120,4,88.6730728149414
gaussian,120,4,89.19568634033203
dirac,120,4,89.25
orthogonal,120,4,88.95940399169922
sparse0.5,120,4,88.8584976196289
uniform,120,5,89.17200469970703
gaussian,120,5,88.9896469116211
dirac,120,5,89.25
orthogonal,120,5,89.21174621582031
sparse0.5,120,5,89.11064910888672
uniform,120,6,88.84585571289062
gaussian,120,6,89.04901123046875
dirac,120,6,89.25
orthogonal,120,6,89.70873260498047
sparse0.5,120,6,89.42829132080078
uniform,130,1,87.6026840209961
gaussian,130,1,89.64213562011719
dirac,130,1,89.30769348144531
orthogonal,130,1,89.43490600585938
sparse0.5,130,1,89.43343353271484
uniform,130,2,88.98564147949219
gaussian,130,2,89.04576110839844
dirac,130,2,89.30769348144531
orthogonal,130,2,89.016357421875
sparse0.5,130,2,89.25299072265625
uniform,130,3,88.99569702148438
gaussian,130,3,88.65530395507812
dirac,130,3,89.30770111083984
orthogonal,130,3,89.0062484741211
sparse0.5,130,3,89.50222778320312
uniform,130,4,88.96146392822266
gaussian,130,4,89.55766296386719
dirac,130,4,89.30769348144531
orthogonal,130,4,89.54973602294922
sparse0.5,130,4,89.31926727294922
uniform,130,5,88.59123229980469
gaussian,130,5,89.40615844726562
dirac,130,5,89.30769348144531
orthogonal,130,5,88.99126434326172
sparse0.5,130,5,89.61979675292969
uniform,130,6,88.97907257080078
gaussian,130,6,89.42046356201172
dirac,130,6,89.30768585205078
orthogonal,130,6,89.53572845458984
sparse0.5,130,6,89.0149917602539
uniform,140,1,88.54275512695312
gaussian,140,1,90.23951721191406
dirac,140,1,89.35714721679688
orthogonal,140,1,89.74685668945312
sparse0.5,140,1,89.20975494384766
uniform,140,2,89.81262969970703
gaussian,140,2,89.46176147460938
dirac,140,2,89.35714721679688
orthogonal,140,2,89.30642700195312
sparse0.5,140,2,89.6400375366211
uniform,140,3,88.98816680908203
gaussian,140,3,89.32845306396484
dirac,140,3,89.35714721679688
orthogonal,140,3,89.40304565429688
sparse0.5,140,3,89.13262939453125
uniform,140,4,89.11241149902344
gaussian,140,4,89.15835571289062
dirac,140,4,89.35714721679688
orthogonal,140,4,89.05364990234375
sparse0.5,140,4,89.05488586425781
uniform,140,5,88.75071716308594
gaussian,140,5,89.54960632324219
dirac,140,5,89.35714721679688
orthogonal,140,5,89.37674713134766
sparse0.5,140,5,89.67137145996094
uniform,140,6,88.93317413330078
gaussian,140,6,89.7611083984375
dirac,140,6,89.35714721679688
orthogonal,140,6,89.04529571533203
sparse0.5,140,6,89.1074447631836
uniform,150,1,89.9936294555664
gaussian,150,1,89.69735717773438
dirac,150,1,89.4000015258789
orthogonal,150,1,89.60226440429688
sparse0.5,150,1,89.85122680664062
uniform,150,2,88.6531982421875
gaussian,150,2,89.29400634765625
dirac,150,2,89.4000015258789
orthogonal,150,2,89.2012939453125
sparse0.5,150,2,89.90119934082031
uniform,150,3,89.14534759521484
gaussian,150,3,89.62347412109375
dirac,150,3,89.4000015258789
orthogonal,150,3,89.37532806396484
sparse0.5,150,3,89.0069580078125
uniform,150,4,89.16925048828125
gaussian,150,4,89.73554229736328
dirac,150,4,89.4000015258789
orthogonal,150,4,89.44244384765625
sparse0.5,150,4,89.48921203613281
uniform,150,5,89.2289047241211
gaussian,150,5,89.13203430175781
dirac,150,5,89.4000015258789
orthogonal,150,5,89.35932922363281
sparse0.5,150,5,89.3113784790039
uniform,150,6,89.01036834716797
gaussian,150,6,89.4363784790039
dirac,150,6,89.4000015258789
orthogonal,150,6,89.42499542236328
sparse0.5,150,6,89.30255126953125
uniform,160,1,89.18744659423828
gaussian,160,1,89.85814666748047
dirac,160,1,89.4375
orthogonal,160,1,89.24945068359375
sparse0.5,160,1,89.1495590209961
uniform,160,2,88.83368682861328
gaussian,160,2,89.34498596191406
dirac,160,2,89.4375
orthogonal,160,2,90.18637084960938
sparse0.5,160,2,89.47183227539062
uniform,160,3,88.95496368408203
gaussian,160,3,89.5116195678711
dirac,160,3,89.4375
orthogonal,160,3,89.31974029541016
sparse0.5,160,3,89.45865631103516
uniform,160,4,88.91156768798828
gaussian,160,4,89.46620178222656
dirac,160,4,89.4375
orthogonal,160,4,89.31864166259766
sparse0.5,160,4,89.51242065429688
uniform,160,5,89.2662124633789
gaussian,160,5,89.55410766601562
dirac,160,5,89.4375
orthogonal,160,5,89.2381820678711
sparse0.5,160,5,89.32611083984375
uniform,160,6,89.30252838134766
gaussian,160,6,89.412109375
dirac,160,6,89.4375
orthogonal,160,6,89.67374420166016
sparse0.5,160,6,89.65685272216797
uniform,170,1,89.41548919677734
gaussian,170,1,89.17266845703125
dirac,170,1,89.47058868408203
orthogonal,170,1,89.14114379882812
sparse0.5,170,1,89.29408264160156
uniform,170,2,88.85615539550781
gaussian,170,2,89.18919372558594
dirac,170,2,89.47058868408203
orthogonal,170,2,89.61918640136719
sparse0.5,170,2,89.58915710449219
uniform,170,3,88.94696044921875
gaussian,170,3,89.47550201416016
dirac,170,3,89.47058868408203
orthogonal,170,3,89.7784652709961
sparse0.5,170,3,89.3309555053711
uniform,170,4,89.1874008178711
gaussian,170,4,89.1917953491211
dirac,170,4,89.47058868408203
orthogonal,170,4,89.3420639038086
sparse0.5,170,4,89.28981018066406
uniform,170,5,89.09845733642578
gaussian,170,5,89.20834350585938
dirac,170,5,89.47058868408203
orthogonal,170,5,89.57408142089844
sparse0.5,170,5,89.63469696044922
uniform,170,6,89.20174407958984
gaussian,170,6,89.42931365966797
dirac,170,6,89.47058868408203
orthogonal,170,6,89.7282485961914
sparse0.5,170,6,89.43041229248047
uniform,180,1,89.04820251464844
gaussian,180,1,89.75045013427734
dirac,180,1,89.5
orthogonal,180,1,89.53913116455078
sparse0.5,180,1,89.08317565917969
uniform,180,2,89.20160675048828
gaussian,180,2,89.2137451171875
dirac,180,2,89.5
orthogonal,180,2,89.21748352050781
sparse0.5,180,2,90.02426147460938
uniform,180,3,89.38524627685547
gaussian,180,3,89.3258056640625
dirac,180,3,89.5
orthogonal,180,3,89.416259765625
sparse0.5,180,3,89.32815551757812
uniform,180,4,89.34911346435547
gaussian,180,4,89.41357421875
dirac,180,4,89.5
orthogonal,180,4,89.63265991210938
sparse0.5,180,4,89.32757568359375
uniform,180,5,89.06327819824219
gaussian,180,5,89.27203369140625
dirac,180,5,89.5
orthogonal,180,5,89.55280303955078
sparse0.5,180,5,89.59783935546875
uniform,180,6,89.04004669189453
gaussian,180,6,89.70514678955078
dirac,180,6,89.5
orthogonal,180,6,89.37423706054688
sparse0.5,180,6,89.5042724609375
uniform,190,1,89.48341369628906
gaussian,190,1,89.00839233398438
dirac,190,1,89.52632141113281
orthogonal,190,1,88.98184967041016
sparse0.5,190,1,90.01392364501953
uniform,190,2,89.17636108398438
gaussian,190,2,89.47710418701172
dirac,190,2,89.52632141113281
orthogonal,190,2,89.68345642089844
sparse0.5,190,2,89.28567504882812
uniform,190,3,89.24398040771484
gaussian,190,3,89.5691146850586
dirac,190,3,89.52632904052734
orthogonal,190,3,89.8341064453125
sparse0.5,190,3,89.28516387939453
uniform,190,4,89.24508666992188
gaussian,190,4,89.18951416015625
dirac,190,4,89.52632141113281
orthogonal,190,4,89.43872833251953
sparse0.5,190,4,89.62075805664062
uniform,190,5,89.35910034179688
gaussian,190,5,89.5466079711914
dirac,190,5,89.52632141113281
orthogonal,190,5,89.65245056152344
sparse0.5,190,5,89.30946350097656
uniform,190,6,89.37103271484375
gaussian,190,6,89.3388442993164
dirac,190,6,89.52631378173828
orthogonal,190,6,89.36068725585938
sparse0.5,190,6,89.5191421508789
uniform,200,1,89.26812744140625
gaussian,200,1,89.38069152832031
dirac,200,1,89.55000305175781
orthogonal,200,1,89.6790771484375
sparse0.5,200,1,89.00567626953125
uniform,200,2,89.06295776367188
gaussian,200,2,89.56816101074219
dirac,200,2,89.55000305175781
orthogonal,200,2,89.48005676269531
sparse0.5,200,2,88.92377471923828
uniform,200,3,89.2704086303711
gaussian,200,3,89.29032135009766
dirac,200,3,89.55001068115234
orthogonal,200,3,89.88054656982422
sparse0.5,200,3,89.65939331054688
uniform,200,4,89.25376892089844
gaussian,200,4,89.41414642333984
dirac,200,4,89.55000305175781
orthogonal,200,4,89.26504516601562
sparse0.5,200,4,89.76727294921875
uniform,200,5,89.5418701171875
gaussian,200,5,89.57283020019531
dirac,200,5,89.55000305175781
orthogonal,200,5,89.58527374267578
sparse0.5,200,5,89.50301361083984
uniform,200,6,89.1515884399414
gaussian,200,6,89.7442626953125
dirac,200,6,89.54999542236328
orthogonal,200,6,89.6022720336914
sparse0.5,200,6,89.56290435791016
uniform,210,1,89.11563873291016
gaussian,210,1,89.45515441894531
dirac,210,1,89.5714340209961
orthogonal,210,1,90.03073120117188
sparse0.5,210,1,88.98575592041016
uniform,210,2,89.23494720458984
gaussian,210,2,89.71392822265625
dirac,210,2,89.5714340209961
orthogonal,210,2,89.43559265136719
sparse0.5,210,2,89.32577514648438
uniform,210,3,89.3163833618164
gaussian,210,3,89.76361846923828
dirac,210,3,89.5714340209961
orthogonal,210,3,89.68753051757812
sparse0.5,210,3,89.5353775024414
uniform,210,4,89.25724792480469
gaussian,210,4,89.68812561035156
dirac,210,4,89.5714340209961
orthogonal,210,4,89.61698913574219
sparse0.5,210,4,89.790771484375
uniform,210,5,89.1731185913086
gaussian,210,5,89.61785125732422
dirac,210,5,89.5714340209961
orthogonal,210,5,89.6255874633789
sparse0.5,210,5,89.45169830322266
uniform,210,6,89.32406616210938
gaussian,210,6,89.19525909423828
dirac,210,6,89.5714340209961
orthogonal,210,6,89.59770965576172
sparse0.5,210,6,89.53314208984375
uniform,220,1,89.5100326538086
gaussian,220,1,89.43400573730469
dirac,220,1,89.59091186523438
orthogonal,220,1,89.68941497802734
sparse0.5,220,1,89.71337127685547
uniform,220,2,89.34877014160156
gaussian,220,2,89.43122863769531
dirac,220,2,89.59091186523438
orthogonal,220,2,89.53889465332031
sparse0.5,220,2,89.69947052001953
uniform,220,3,89.54888916015625
gaussian,220,3,89.60808563232422
dirac,220,3,89.59091186523438
orthogonal,220,3,89.5860595703125
sparse0.5,220,3,89.75066375732422
uniform,220,4,89.39275360107422
gaussian,220,4,89.64115905761719
dirac,220,4,89.59091186523438
orthogonal,220,4,89.67729187011719
sparse0.5,220,4,89.67156982421875
uniform,220,5,89.58110046386719
gaussian,220,5,89.67613983154297
dirac,220,5,89.59091186523438
orthogonal,220,5,89.42860412597656
sparse0.5,220,5,89.54867553710938
uniform,220,6,89.25969696044922
gaussian,220,6,89.59148406982422
dirac,220,6,89.59091186523438
orthogonal,220,6,89.4339370727539
sparse0.5,220,6,89.46038818359375
uniform,230,1,89.35369873046875
gaussian,230,1,89.54710388183594
dirac,230,1,89.60869598388672
orthogonal,230,1,89.80609130859375
sparse0.5,230,1,89.970458984375
uniform,230,2,89.49166107177734
gaussian,230,2,89.79655456542969
dirac,230,2,89.60869598388672
orthogonal,230,2,89.93464660644531
sparse0.5,230,2,89.65773010253906
uniform,230,3,89.27801513671875
gaussian,230,3,89.62612915039062
dirac,230,3,89.60869598388672
orthogonal,230,3,89.77425384521484
sparse0.5,230,3,89.599853515625
uniform,230,4,89.28073120117188
gaussian,230,4,89.70414733886719
dirac,230,4,89.60869598388672
orthogonal,230,4,89.47994232177734
sparse0.5,230,4,89.51885223388672
uniform,230,5,89.46977996826172
gaussian,230,5,89.77481079101562
dirac,230,5,89.60869598388672
orthogonal,230,5,89.73136138916016
sparse0.5,230,5,89.58171081542969
uniform,230,6,89.45099639892578
gaussian,230,6,89.7225112915039
dirac,230,6,89.60869598388672
orthogonal,230,6,89.61132049560547
sparse0.5,230,6,89.55870819091797
uniform,240,1,89.85404968261719
gaussian,240,1,89.52444458007812
dirac,240,1,89.625
orthogonal,240,1,90.17974853515625
sparse0.5,240,1,89.8962631225586
uniform,240,2,88.98118591308594
gaussian,240,2,89.644287109375
dirac,240,2,89.625
orthogonal,240,2,89.44603729248047
sparse0.5,240,2,89.12419128417969
uniform,240,3,89.32296752929688
gaussian,240,3,89.56522369384766
dirac,240,3,89.625
orthogonal,240,3,89.82940673828125
sparse0.5,240,3,89.6238784790039
uniform,240,4,89.50674438476562
gaussian,240,4,89.7426986694336
dirac,240,4,89.625
orthogonal,240,4,89.60535430908203
sparse0.5,240,4,89.69657135009766
uniform,240,5,89.44175720214844
gaussian,240,5,89.56607818603516
dirac,240,5,89.625
orthogonal,240,5,89.76314544677734
sparse0.5,240,5,89.76714324951172
uniform,240,6,89.50150299072266
gaussian,240,6,89.4611587524414
dirac,240,6,89.625
orthogonal,240,6,89.58258056640625
sparse0.5,240,6,89.58431243896484
uniform,250,1,89.80655670166016
gaussian,250,1,89.51834106445312
dirac,250,1,89.63999938964844
orthogonal,250,1,89.63323974609375
sparse0.5,250,1,89.4320068359375
uniform,250,2,89.5142822265625
gaussian,250,2,89.44676971435547
dirac,250,2,89.63999938964844
orthogonal,250,2,89.65315246582031
sparse0.5,250,2,89.5715103149414
uniform,250,3,89.60221099853516
gaussian,250,3,89.7955093383789
dirac,250,3,89.6399917602539
orthogonal,250,3,89.5618667602539
sparse0.5,250,3,89.68326568603516
uniform,250,4,89.52135467529297
gaussian,250,4,89.75733184814453
dirac,250,4,89.63999938964844
orthogonal,250,4,89.59269714355469
sparse0.5,250,4,89.8058090209961
uniform,250,5,89.494384765625
gaussian,250,5,89.68217468261719
dirac,250,5,89.63999938964844
orthogonal,250,5,89.70694732666016
sparse0.5,250,5,89.87419128417969
uniform,250,6,89.48445892333984
gaussian,250,6,89.75232696533203
dirac,250,6,89.64000701904297
orthogonal,250,6,89.73615264892578
sparse0.5,250,6,89.58528900146484
uniform,260,1,89.32144165039062
gaussian,260,1,89.71044921875
dirac,260,1,89.65384674072266
orthogonal,260,1,89.35497283935547
sparse0.5,260,1,89.22695922851562
uniform,260,2,89.42133331298828
gaussian,260,2,89.61473083496094
dirac,260,2,89.65384674072266
orthogonal,260,2,89.5611801147461
sparse0.5,260,2,89.84733581542969
uniform,260,3,89.45404052734375
gaussian,260,3,89.68436431884766
dirac,260,3,89.65384674072266
orthogonal,260,3,89.72250366210938
sparse0.5,260,3,89.62283325195312
uniform,260,4,89.66204071044922
gaussian,260,4,89.61834716796875
dirac,260,4,89.65384674072266
orthogonal,260,4,89.49375915527344
sparse0.5,260,4,89.54208374023438
uniform,260,5,89.58653259277344
gaussian,260,5,89.54408264160156
dirac,260,5,89.65384674072266
orthogonal,260,5,89.5965347290039
sparse0.5,260,5,89.7304458618164
uniform,260,6,89.40874481201172
gaussian,260,6,89.58642578125
dirac,260,6,89.65384674072266
orthogonal,260,6,89.68292999267578
sparse0.5,260,6,89.63772583007812
uniform,270,1,89.15943145751953
gaussian,270,1,89.82329559326172
dirac,270,1,89.66667175292969
orthogonal,270,1,89.7162857055664
sparse0.5,270,1,89.62356567382812
uniform,270,2,89.68677520751953
gaussian,270,2,89.63750457763672
dirac,270,2,89.66667175292969
orthogonal,270,2,89.64053344726562
sparse0.5,270,2,89.6993179321289
uniform,270,3,89.42736053466797
gaussian,270,3,89.72869873046875
dirac,270,3,89.66666412353516
orthogonal,270,3,89.65445709228516
sparse0.5,270,3,89.67160034179688
uniform,270,4,89.33173370361328
gaussian,270,4,89.55445098876953
dirac,270,4,89.66667175292969
orthogonal,270,4,89.65879821777344
sparse0.5,270,4,89.72489929199219
uniform,270,5,89.2763900756836
gaussian,270,5,89.84864807128906
dirac,270,5,89.66667175292969
orthogonal,270,5,89.48985290527344
sparse0.5,270,5,89.68760681152344
uniform,270,6,89.64453125
gaussian,270,6,89.86080932617188
dirac,270,6,89.66667938232422
orthogonal,270,6,89.61144256591797
sparse0.5,270,6,89.85906219482422
uniform,280,1,89.13008880615234
gaussian,280,1,90.08088684082031
dirac,280,1,89.67857360839844
orthogonal,280,1,89.93367767333984
sparse0.5,280,1,89.31140899658203
uniform,280,2,89.48827362060547
gaussian,280,2,89.83967590332031
dirac,280,2,89.67857360839844
orthogonal,280,2,89.69493103027344
sparse0.5,280,2,89.92062377929688
uniform,280,3,89.55089569091797
gaussian,280,3,89.5911636352539
dirac,280,3,89.6785659790039
orthogonal,280,3,89.5902328491211
sparse0.5,280,3,89.60660552978516
uniform,280,4,89.22437286376953
gaussian,280,4,89.54944610595703
dirac,280,4,89.67857360839844
orthogonal,280,4,89.50694274902344
sparse0.5,280,4,89.71923065185547
uniform,280,5,89.52046966552734
gaussian,280,5,89.61406707763672
dirac,280,5,89.67857360839844
orthogonal,280,5,89.72042083740234
sparse0.5,280,5,89.84211730957031
uniform,280,6,89.59810638427734
gaussian,280,6,89.63716888427734
dirac,280,6,89.67858123779297
orthogonal,280,6,89.61831665039062
sparse0.5,280,6,89.61550903320312
uniform,290,1,89.51472473144531
gaussian,290,1,89.96294403076172
dirac,290,1,89.68965911865234
orthogonal,290,1,89.47470092773438
sparse0.5,290,1,90.07465362548828
uniform,290,2,89.45484924316406
gaussian,290,2,89.59480285644531
dirac,290,2,89.68965911865234
orthogonal,290,2,89.6744384765625
sparse0.5,290,2,89.66483306884766
uniform,290,3,89.46099090576172
gaussian,290,3,89.80265045166016
dirac,290,3,89.68965911865234
orthogonal,290,3,89.53213500976562
sparse0.5,290,3,89.46878814697266
uniform,290,4,89.48279571533203
gaussian,290,4,89.86498260498047
dirac,290,4,89.68965911865234
orthogonal,290,4,89.82941436767578
sparse0.5,290,4,89.86714172363281
uniform,290,5,89.20378875732422
gaussian,290,5,89.71490478515625
dirac,290,5,89.68965911865234
orthogonal,290,5,89.69572448730469
sparse0.5,290,5,89.8355941772461
uniform,290,6,89.55499267578125
gaussian,290,6,89.76431274414062
dirac,290,6,89.68965911865234
orthogonal,290,6,89.6942138671875
sparse0.5,290,6,89.6767349243164
uniform,300,1,89.64456939697266
gaussian,300,1,90.04444885253906
dirac,300,1,89.70000457763672
orthogonal,300,1,89.95447540283203
sparse0.5,300,1,89.67727661132812
uniform,300,2,89.46165466308594
gaussian,300,2,89.82823181152344
dirac,300,2,89.70000457763672
orthogonal,300,2,89.73243713378906
sparse0.5,300,2,89.77360534667969
uniform,300,3,89.59395599365234
gaussian,300,3,89.7036361694336
dirac,300,3,89.70000457763672
orthogonal,300,3,89.51981353759766
sparse0.5,300,3,89.56856536865234
uniform,300,4,89.4875259399414
gaussian,300,4,89.66352081298828
dirac,300,4,89.70000457763672
orthogonal,300,4,89.76737976074219
sparse0.5,300,4,89.65509033203125
uniform,300,5,89.38867950439453
gaussian,300,5,89.9183578491211
dirac,300,5,89.70000457763672
orthogonal,300,5,89.50431060791016
sparse0.5,300,5,89.70765686035156
uniform,300,6,89.48209381103516
gaussian,300,6,89.6919937133789
dirac,300,6,89.70000457763672
orthogonal,300,6,89.67413330078125
sparse0.5,300,6,89.77320098876953
uniform,310,1,89.34465789794922
gaussian,310,1,89.8984603881836
dirac,310,1,89.70967864990234
orthogonal,310,1,89.56399536132812
sparse0.5,310,1,89.56648254394531
uniform,310,2,89.52996826171875
gaussian,310,2,89.7440185546875
dirac,310,2,89.70967864990234
orthogonal,310,2,89.63069915771484
sparse0.5,310,2,89.7225341796875
uniform,310,3,89.42578887939453
gaussian,310,3,89.77362060546875
dirac,310,3,89.70967864990234
orthogonal,310,3,89.8810043334961
sparse0.5,310,3,89.6242904663086
uniform,310,4,89.57664489746094
gaussian,310,4,89.6062240600586
dirac,310,4,89.70967864990234
orthogonal,310,4,89.65843200683594
sparse0.5,310,4,89.73704528808594
uniform,310,5,89.40451049804688
gaussian,310,5,89.91386413574219
dirac,310,5,89.70967864990234
orthogonal,310,5,89.65653991699219
sparse0.5,310,5,89.66195678710938
uniform,310,6,89.55731201171875
gaussian,310,6,89.52902221679688
dirac,310,6,89.70967864990234
orthogonal,310,6,89.72271728515625
sparse0.5,310,6,89.63280487060547
uniform,320,1,89.84468841552734
gaussian,320,1,89.69075775146484
dirac,320,1,89.71875
orthogonal,320,1,89.67672729492188
sparse0.5,320,1,89.51070404052734
uniform,320,2,89.38861083984375
gaussian,320,2,89.4575424194336
dirac,320,2,89.71875
orthogonal,320,2,89.76078796386719
sparse0.5,320,2,89.74820709228516
uniform,320,3,89.56890869140625
gaussian,320,3,89.82270050048828
dirac,320,3,89.71875
orthogonal,320,3,89.91451263427734
sparse0.5,320,3,89.46173095703125
uniform,320,4,89.65071105957031
gaussian,320,4,89.73274993896484
dirac,320,4,89.71875
orthogonal,320,4,89.89087677001953
sparse0.5,320,4,89.78755187988281
uniform,320,5,89.53730773925781
gaussian,320,5,89.73381042480469
dirac,320,5,89.71875
orthogonal,320,5,89.8128433227539
sparse0.5,320,5,89.64009857177734
uniform,320,6,89.5633544921875
gaussian,320,6,89.73810577392578
dirac,320,6,89.71875
orthogonal,320,6,89.76620483398438
sparse0.5,320,6,89.777099609375
uniform,330,1,89.73136901855469
gaussian,330,1,89.55210876464844
dirac,330,1,89.7272720336914
orthogonal,330,1,89.78263092041016
sparse0.5,330,1,89.8069076538086
uniform,330,2,89.50569152832031
gaussian,330,2,89.53169250488281
dirac,330,2,89.7272720336914
orthogonal,330,2,89.56138610839844
sparse0.5,330,2,90.04793548583984
uniform,330,3,89.41110229492188
gaussian,330,3,89.74829864501953
dirac,330,3,89.7272720336914
orthogonal,330,3,89.78546142578125
sparse0.5,330,3,89.6376953125
uniform,330,4,89.62631225585938
gaussian,330,4,89.6121597290039
dirac,330,4,89.7272720336914
orthogonal,330,4,89.84703826904297
sparse0.5,330,4,89.77232360839844
uniform,330,5,89.45143127441406
gaussian,330,5,89.67719268798828
dirac,330,5,89.7272720336914
orthogonal,330,5,89.72708129882812
sparse0.5,330,5,89.7236557006836
uniform,330,6,89.46221923828125
gaussian,330,6,89.568359375
dirac,330,6,89.7272720336914
orthogonal,330,6,89.59017181396484
sparse0.5,330,6,89.73563385009766
uniform,340,1,89.53665161132812
gaussian,340,1,89.89250183105469
dirac,340,1,89.73529815673828
orthogonal,340,1,89.67662811279297
sparse0.5,340,1,89.54689025878906
uniform,340,2,89.66226196289062
gaussian,340,2,89.78260803222656
dirac,340,2,89.73529815673828
orthogonal,340,2,89.7811508178711
sparse0.5,340,2,89.76605224609375
uniform,340,3,89.77777862548828
gaussian,340,3,89.6108627319336
dirac,340,3,89.73529815673828
orthogonal,340,3,89.77796173095703
sparse0.5,340,3,89.78558349609375
uniform,340,4,89.55029296875
gaussian,340,4,89.87911224365234
dirac,340,4,89.73529815673828
orthogonal,340,4,89.7440185546875
sparse0.5,340,4,89.77659606933594
uniform,340,5,89.6319580078125
gaussian,340,5,89.70625305175781
dirac,340,5,89.73529815673828
orthogonal,340,5,89.69476318359375
sparse0.5,340,5,89.81824493408203
uniform,340,6,89.40641021728516
gaussian,340,6,89.5721435546875
dirac,340,6,89.73529815673828
orthogonal,340,6,89.93631744384766
sparse0.5,340,6,89.62964630126953
uniform,350,1,89.44639587402344
gaussian,350,1,89.73585510253906
dirac,350,1,89.74285888671875
orthogonal,350,1,89.84210968017578
sparse0.5,350,1,89.72559356689453
uniform,350,2,89.68697357177734
gaussian,350,2,89.45159912109375
dirac,350,2,89.74285888671875
orthogonal,350,2,89.70744323730469
sparse0.5,350,2,89.91438293457031
uniform,350,3,89.69000244140625
gaussian,350,3,89.95413970947266
dirac,350,3,89.74285888671875
orthogonal,350,3,89.84319305419922
sparse0.5,350,3,89.86054229736328
uniform,350,4,89.41532897949219
gaussian,350,4,89.69082641601562
dirac,350,4,89.74285888671875
orthogonal,350,4,89.79832458496094
sparse0.5,350,4,89.7917709350586
uniform,350,5,89.65061950683594
gaussian,350,5,89.809326171875
dirac,350,5,89.74285888671875
orthogonal,350,5,89.65153503417969
sparse0.5,350,5,89.7802734375
uniform,350,6,89.6099624633789
gaussian,350,6,89.6743392944336
dirac,350,6,89.74285888671875
orthogonal,350,6,89.74215698242188
sparse0.5,350,6,89.77025604248047
uniform,360,1,89.7812271118164
gaussian,360,1,89.66886138916016
dirac,360,1,89.75
orthogonal,360,1,89.71034240722656
sparse0.5,360,1,89.88446807861328
uniform,360,2,89.5736083984375
gaussian,360,2,89.60269927978516
dirac,360,2,89.75
orthogonal,360,2,89.43101501464844
sparse0.5,360,2,89.73658752441406
uniform,360,3,89.61507415771484
gaussian,360,3,89.65185546875
dirac,360,3,89.75
orthogonal,360,3,89.8895492553711
sparse0.5,360,3,89.89556884765625
uniform,360,4,89.68354034423828
gaussian,360,4,89.58181762695312
dirac,360,4,89.75
orthogonal,360,4,89.74887084960938
sparse0.5,360,4,89.76007080078125
uniform,360,5,89.59107971191406
gaussian,360,5,89.8302993774414
dirac,360,5,89.75
orthogonal,360,5,89.69255828857422
sparse0.5,360,5,89.73628997802734
uniform,360,6,89.56396484375
gaussian,360,6,89.86231231689453
dirac,360,6,89.75
orthogonal,360,6,89.72713470458984
sparse0.5,360,6,89.74718475341797
uniform,370,1,89.78739929199219
gaussian,370,1,89.80126953125
dirac,370,1,89.75675964355469
orthogonal,370,1,89.59066772460938
sparse0.5,370,1,89.53091430664062
uniform,370,2,89.61904907226562
gaussian,370,2,89.50588989257812
dirac,370,2,89.75675964355469
orthogonal,370,2,89.90582275390625
sparse0.5,370,2,89.56749725341797
uniform,370,3,89.67159271240234
gaussian,370,3,89.64986419677734
dirac,370,3,89.75675201416016
orthogonal,370,3,89.84029388427734
sparse0.5,370,3,89.7338638305664
uniform,370,4,89.6702880859375
gaussian,370,4,89.63336181640625
dirac,370,4,89.75675964355469
orthogonal,370,4,89.77196502685547
sparse0.5,370,4,89.67201232910156
uniform,370,5,89.67100524902344
gaussian,370,5,89.7724838256836
dirac,370,5,89.75675964355469
orthogonal,370,5,89.89602661132812
sparse0.5,370,5,89.80197143554688
uniform,370,6,89.79281616210938
gaussian,370,6,89.6051254272461
dirac,370,6,89.75676727294922
orthogonal,370,6,89.84342193603516
sparse0.5,370,6,89.72834014892578
uniform,380,1,89.62484741210938
gaussian,380,1,89.48965454101562
dirac,380,1,89.7631607055664
orthogonal,380,1,89.94486999511719
sparse0.5,380,1,89.89805603027344
uniform,380,2,89.548583984375
gaussian,380,2,89.710693359375
dirac,380,2,89.7631607055664
orthogonal,380,2,89.8360595703125
sparse0.5,380,2,90.00076293945312
uniform,380,3,89.536376953125
gaussian,380,3,89.62157440185547
dirac,380,3,89.7631607055664
orthogonal,380,3,89.80547332763672
sparse0.5,380,3,89.8886489868164
uniform,380,4,89.55658721923828
gaussian,380,4,89.73637390136719
dirac,380,4,89.7631607055664
orthogonal,380,4,89.82091522216797
sparse0.5,380,4,89.6613540649414
uniform,380,5,89.6275634765625
gaussian,380,5,89.59078216552734
dirac,380,5,89.7631607055664
orthogonal,380,5,89.79557800292969
sparse0.5,380,5,89.6029281616211
uniform,380,6,89.57532501220703
gaussian,380,6,89.83211517333984
dirac,380,6,89.7631607055664
orthogonal,380,6,89.79402923583984
sparse0.5,380,6,89.73029327392578
uniform,390,1,89.90824127197266
gaussian,390,1,89.65878295898438
dirac,390,1,89.76923370361328
orthogonal,390,1,89.99695587158203
sparse0.5,390,1,89.81224060058594
uniform,390,2,89.59693908691406
gaussian,390,2,89.76434326171875
dirac,390,2,89.76923370361328
orthogonal,390,2,89.85163879394531
sparse0.5,390,2,89.6264877319336
uniform,390,3,89.65982055664062
gaussian,390,3,89.67847442626953
dirac,390,3,89.76923370361328
orthogonal,390,3,89.96256256103516
sparse0.5,390,3,89.81974029541016
uniform,390,4,89.64289855957031
gaussian,390,4,89.941650390625
dirac,390,4,89.76923370361328
orthogonal,390,4,89.89306640625
sparse0.5,390,4,89.61065673828125
uniform,390,5,89.60077667236328
gaussian,390,5,89.79663848876953
dirac,390,5,89.76923370361328
orthogonal,390,5,89.77015686035156
sparse0.5,390,5,89.84146118164062
uniform,390,6,89.54686737060547
gaussian,390,6,89.7387924194336
dirac,390,6,89.76923370361328
orthogonal,390,6,89.8070297241211
sparse0.5,390,6,89.7104263305664
uniform,400,1,89.63640594482422
gaussian,400,1,89.61640930175781
dirac,400,1,89.7750015258789
orthogonal,400,1,89.65771484375
sparse0.5,400,1,89.61857604980469
uniform,400,2,89.54904174804688
gaussian,400,2,89.78131866455078
dirac,400,2,89.7750015258789
orthogonal,400,2,89.73873138427734
sparse0.5,400,2,89.66807556152344
uniform,400,3,89.72586822509766
gaussian,400,3,89.87700653076172
dirac,400,3,89.7750015258789
orthogonal,400,3,89.8543472290039
sparse0.5,400,3,89.63780975341797
uniform,400,4,89.59715270996094
gaussian,400,4,89.64706420898438
dirac,400,4,89.7750015258789
orthogonal,400,4,89.6978759765625
sparse0.5,400,4,89.72421264648438
uniform,400,5,89.69606018066406
gaussian,400,5,89.81804656982422
dirac,400,5,89.7750015258789
orthogonal,400,5,89.74726104736328
sparse0.5,400,5,89.83451843261719
uniform,400,6,89.6020736694336
gaussian,400,6,89.81421661376953
dirac,400,6,89.7750015258789
orthogonal,400,6,89.78609466552734
sparse0.5,400,6,89.72296905517578
uniform,410,1,89.6494140625
gaussian,410,1,89.83592224121094
dirac,410,1,89.78048706054688
orthogonal,410,1,89.71807098388672
sparse0.5,410,1,89.6878433227539
uniform,410,2,89.80155944824219
gaussian,410,2,89.89875793457031
dirac,410,2,89.78048706054688
orthogonal,410,2,89.89956665039062
sparse0.5,410,2,89.82452392578125
uniform,410,3,89.48567962646484
gaussian,410,3,89.6705322265625
dirac,410,3,89.78048706054688
orthogonal,410,3,89.75994873046875
sparse0.5,410,3,89.87407684326172
uniform,410,4,89.76380920410156
gaussian,410,4,89.72954559326172
dirac,410,4,89.78048706054688
orthogonal,410,4,89.74185180664062
sparse0.5,410,4,89.85758972167969
uniform,410,5,89.51866149902344
gaussian,410,5,89.73006439208984
dirac,410,5,89.78048706054688
orthogonal,410,5,89.84439849853516
sparse0.5,410,5,89.79505157470703
uniform,410,6,89.57056427001953
gaussian,410,6,89.79447174072266
dirac,410,6,89.78048706054688
orthogonal,410,6,89.76068878173828
sparse0.5,410,6,89.66362762451172
uniform,420,1,89.96134185791016
gaussian,420,1,89.64639282226562
dirac,420,1,89.78571319580078
orthogonal,420,1,89.96538543701172
sparse0.5,420,1,89.78524017333984
uniform,420,2,89.70641326904297
gaussian,420,2,89.76741027832031
dirac,420,2,89.78571319580078
orthogonal,420,2,89.82511901855469
sparse0.5,420,2,89.82843017578125
uniform,420,3,89.67596435546875
gaussian,420,3,89.7634506225586
dirac,420,3,89.78571319580078
orthogonal,420,3,89.82257080078125
sparse0.5,420,3,89.7338638305664
uniform,420,4,89.61674499511719
gaussian,420,4,89.73579406738281
dirac,420,4,89.78571319580078
orthogonal,420,4,89.8026351928711
sparse0.5,420,4,89.9609146118164
uniform,420,5,89.7678451538086
gaussian,420,5,89.8070068359375
dirac,420,5,89.78571319580078
orthogonal,420,5,89.7394027709961
sparse0.5,420,5,89.74018859863281
uniform,420,6,89.65997314453125
gaussian,420,6,89.84415435791016
dirac,420,6,89.78571319580078
orthogonal,420,6,89.66741943359375
sparse0.5,420,6,89.7730941772461
uniform,430,1,89.74919891357422
gaussian,430,1,89.93033599853516
dirac,430,1,89.79070281982422
orthogonal,430,1,89.69585418701172
sparse0.5,430,1,89.83696746826172
uniform,430,2,89.50593566894531
gaussian,430,2,89.79202270507812
dirac,430,2,89.79070281982422
orthogonal,430,2,89.61141967773438
sparse0.5,430,2,89.85275268554688
uniform,430,3,89.7254867553711
gaussian,430,3,89.84056854248047
dirac,430,3,89.79070281982422
orthogonal,430,3,89.66458892822266
sparse0.5,430,3,89.74945068359375
uniform,430,4,89.66393280029297
gaussian,430,4,89.82695770263672
dirac,430,4,89.79070281982422
orthogonal,430,4,89.89078521728516
sparse0.5,430,4,89.77348327636719
uniform,430,5,89.66036224365234
gaussian,430,5,89.8653564453125
dirac,430,5,89.79070281982422
orthogonal,430,5,89.82121276855469
sparse0.5,430,5,89.82063293457031
uniform,430,6,89.640380859375
gaussian,430,6,89.83919525146484
dirac,430,6,89.79070281982422
orthogonal,430,6,89.78971099853516
sparse0.5,430,6,89.66907501220703
uniform,440,1,89.58441162109375
gaussian,440,1,89.62638092041016
dirac,440,1,89.79545593261719
orthogonal,440,1,89.60472106933594
sparse0.5,440,1,89.83067321777344
uniform,440,2,89.78958129882812
gaussian,440,2,89.82904052734375
dirac,440,2,89.79545593261719
orthogonal,440,2,89.67986297607422
sparse0.5,440,2,89.86869812011719
uniform,440,3,89.75605010986328
gaussian,440,3,89.8108139038086
dirac,440,3,89.79544830322266
orthogonal,440,3,89.85115814208984
sparse0.5,440,3,89.90338134765625
uniform,440,4,89.70620727539062
gaussian,440,4,89.76641845703125
dirac,440,4,89.79545593261719
orthogonal,440,4,89.79298400878906
sparse0.5,440,4,89.64026641845703
uniform,440,5,89.65948486328125
gaussian,440,5,89.69915771484375
dirac,440,5,89.79545593261719
orthogonal,440,5,89.78739929199219
sparse0.5,440,5,89.75369262695312
uniform,440,6,89.696533203125
gaussian,440,6,89.74007415771484
dirac,440,6,89.79546356201172
orthogonal,440,6,89.76013946533203
sparse0.5,440,6,89.70083618164062
uniform,450,1,89.73357391357422
gaussian,450,1,89.82211303710938
dirac,450,1,89.80000305175781
orthogonal,450,1,89.81175994873047
sparse0.5,450,1,89.58089447021484
uniform,450,2,89.77497863769531
gaussian,450,2,89.88111877441406
dirac,450,2,89.80000305175781
orthogonal,450,2,89.7241439819336
sparse0.5,450,2,89.5963134765625
uniform,450,3,89.79471588134766
gaussian,450,3,89.6646957397461
dirac,450,3,89.80001068115234
orthogonal,450,3,89.75421142578125
sparse0.5,450,3,89.84130859375
uniform,450,4,89.84429931640625
gaussian,450,4,89.76387023925781
dirac,450,4,89.80000305175781
orthogonal,450,4,89.83172607421875
sparse0.5,450,4,89.7220458984375
uniform,450,5,89.57821655273438
gaussian,450,5,89.89457702636719
dirac,450,5,89.80000305175781
orthogonal,450,5,89.8329086303711
sparse0.5,450,5,89.78108215332031
uniform,450,6,89.68683624267578
gaussian,450,6,89.81802368164062
dirac,450,6,89.79999542236328
orthogonal,450,6,89.80392456054688
sparse0.5,450,6,89.87146759033203
uniform,460,1,89.75452423095703
gaussian,460,1,89.8336181640625
dirac,460,1,89.80435180664062
orthogonal,460,1,89.68303680419922
sparse0.5,460,1,89.738525390625
uniform,460,2,89.78762817382812
gaussian,460,2,89.75630950927734
dirac,460,2,89.80435180664062
orthogonal,460,2,89.63350677490234
sparse0.5,460,2,89.76069641113281
uniform,460,3,89.53271484375
gaussian,460,3,89.9102783203125
dirac,460,3,89.80435180664062
orthogonal,460,3,89.84098052978516
sparse0.5,460,3,89.75582122802734
uniform,460,4,89.67141723632812
gaussian,460,4,89.8137435913086
dirac,460,4,89.80435180664062
orthogonal,460,4,89.77655029296875
sparse0.5,460,4,89.83506774902344
uniform,460,5,89.76246643066406
gaussian,460,5,89.71990203857422
dirac,460,5,89.80435180664062
orthogonal,460,5,89.81477355957031
sparse0.5,460,5,89.79303741455078
uniform,460,6,89.64203643798828
gaussian,460,6,89.7816162109375
dirac,460,6,89.80435180664062
orthogonal,460,6,89.78075408935547
sparse0.5,460,6,89.76519775390625
uniform,470,1,89.70919799804688
gaussian,470,1,89.63621520996094
dirac,470,1,89.80850982666016
orthogonal,470,1,89.67059326171875
sparse0.5,470,1,89.90029907226562
uniform,470,2,89.4845199584961
gaussian,470,2,89.76834869384766
dirac,470,2,89.80850982666016
orthogonal,470,2,89.75627899169922
sparse0.5,470,2,89.90724182128906
uniform,470,3,89.5160903930664
gaussian,470,3,89.7067642211914
dirac,470,3,89.80850982666016
orthogonal,470,3,89.94649505615234
sparse0.5,470,3,89.76866912841797
uniform,470,4,89.69610595703125
gaussian,470,4,89.8243179321289
dirac,470,4,89.80850982666016
orthogonal,470,4,89.83544921875
sparse0.5,470,4,89.93301391601562
uniform,470,5,89.69099426269531
gaussian,470,5,89.73395538330078
dirac,470,5,89.80850982666016
orthogonal,470,5,89.75910186767578
sparse0.5,470,5,89.7671890258789
uniform,470,6,89.67626190185547
gaussian,470,6,89.75021362304688
dirac,470,6,89.80850982666016
orthogonal,470,6,89.77371978759766
sparse0.5,470,6,89.83163452148438
uniform,480,1,89.70703125
gaussian,480,1,89.87503051757812
dirac,480,1,89.8125
orthogonal,480,1,90.00924682617188
sparse0.5,480,1,89.92204284667969
uniform,480,2,89.7972640991211
gaussian,480,2,89.76274108886719
dirac,480,2,89.8125
orthogonal,480,2,89.74873352050781
sparse0.5,480,2,89.7041015625
uniform,480,3,89.72802734375
gaussian,480,3,89.81827545166016
dirac,480,3,89.8125
orthogonal,480,3,89.7508544921875
sparse0.5,480,3,89.7867202758789
uniform,480,4,89.62031555175781
gaussian,480,4,89.84918975830078
dirac,480,4,89.8125
orthogonal,480,4,89.81614685058594
sparse0.5,480,4,89.74413299560547
uniform,480,5,89.72898864746094
gaussian,480,5,89.90031433105469
dirac,480,5,89.8125
orthogonal,480,5,89.80353546142578
sparse0.5,480,5,89.8335952758789
uniform,480,6,89.72073364257812
gaussian,480,6,89.88532257080078
dirac,480,6,89.8125
orthogonal,480,6,89.86941528320312
sparse0.5,480,6,89.822265625
uniform,490,1,89.51095581054688
gaussian,490,1,89.85770416259766
dirac,490,1,89.81632995605469
orthogonal,490,1,89.81200408935547
sparse0.5,490,1,89.89842987060547
uniform,490,2,89.7098159790039
gaussian,490,2,89.89310455322266
dirac,490,2,89.81632995605469
orthogonal,490,2,89.6769027709961
sparse0.5,490,2,89.91595458984375
uniform,490,3,89.7733154296875
gaussian,490,3,89.84134674072266
dirac,490,3,89.81632232666016
orthogonal,490,3,89.78280639648438
sparse0.5,490,3,89.69589233398438
uniform,490,4,89.74900817871094
gaussian,490,4,89.89288330078125
dirac,490,4,89.81632995605469
orthogonal,490,4,89.77472686767578
sparse0.5,490,4,89.74568176269531
uniform,490,5,89.64022827148438
gaussian,490,5,89.73472595214844
dirac,490,5,89.81632995605469
orthogonal,490,5,89.71379089355469
sparse0.5,490,5,89.81324768066406
uniform,490,6,89.65155029296875
gaussian,490,6,89.8309326171875
dirac,490,6,89.81633758544922
orthogonal,490,6,89.76953125
sparse0.5,490,6,89.74120330810547
uniform,500,1,89.78810119628906
gaussian,500,1,89.96435546875
dirac,500,1,89.81999969482422
orthogonal,500,1,89.97553253173828
sparse0.5,500,1,89.7542953491211
uniform,500,2,89.76050567626953
gaussian,500,2,89.79421997070312
dirac,500,2,89.81999969482422
orthogonal,500,2,89.8554916381836
sparse0.5,500,2,89.8924560546875
uniform,500,3,89.78500366210938
gaussian,500,3,89.87602996826172
dirac,500,3,89.81999969482422
orthogonal,500,3,89.89752960205078
sparse0.5,500,3,89.74967193603516
uniform,500,4,89.65931701660156
gaussian,500,4,89.79408264160156
dirac,500,4,89.81999969482422
orthogonal,500,4,89.79413604736328
sparse0.5,500,4,89.83387756347656
uniform,500,5,89.80244445800781
gaussian,500,5,89.76692962646484
dirac,500,5,89.81999969482422
orthogonal,500,5,89.73319244384766
sparse0.5,500,5,89.86895751953125
uniform,500,6,89.72733306884766
gaussian,500,6,89.87796783447266
dirac,500,6,89.81999969482422
orthogonal,500,6,89.82039642333984
sparse0.5,500,6,89.75072479248047
uniform,510,1,89.72102355957031
gaussian,510,1,89.73469543457031
dirac,510,1,89.82353210449219
orthogonal,510,1,89.78717803955078
sparse0.5,510,1,89.90422821044922
uniform,510,2,89.69376373291016
gaussian,510,2,89.80599212646484
dirac,510,2,89.82353210449219
orthogonal,510,2,89.7529067993164
sparse0.5,510,2,89.842041015625
uniform,510,3,89.90360260009766
gaussian,510,3,89.91790771484375
dirac,510,3,89.82352447509766
orthogonal,510,3,89.74089813232422
sparse0.5,510,3,89.73993682861328
uniform,510,4,89.68785858154297
gaussian,510,4,89.8718490600586
dirac,510,4,89.82353210449219
orthogonal,510,4,89.84544372558594
sparse0.5,510,4,89.82731628417969
uniform,510,5,89.69046020507812
gaussian,510,5,89.83141326904297
dirac,510,5,89.82353210449219
orthogonal,510,5,89.86808776855469
sparse0.5,510,5,89.80174255371094
uniform,510,6,89.59758758544922
gaussian,510,6,89.81299591064453
dirac,510,6,89.82353973388672
orthogonal,510,6,89.73981475830078
sparse0.5,510,6,89.71963500976562
uniform,520,1,89.63626098632812
gaussian,520,1,89.840576171875
dirac,520,1,89.8269271850586
orthogonal,520,1,89.88294982910156
sparse0.5,520,1,89.89529418945312
uniform,520,2,89.6871337890625
gaussian,520,2,89.7032241821289
dirac,520,2,89.8269271850586
orthogonal,520,2,89.73887634277344
sparse0.5,520,2,89.77886962890625
uniform,520,3,89.52361297607422
gaussian,520,3,89.72332000732422
dirac,520,3,89.8269271850586
orthogonal,520,3,89.8370590209961
sparse0.5,520,3,89.94464111328125
uniform,520,4,89.52176666259766
gaussian,520,4,89.76166534423828
dirac,520,4,89.8269271850586
orthogonal,520,4,89.87118530273438
sparse0.5,520,4,89.76385498046875
uniform,520,5,89.75214385986328
gaussian,520,5,89.82048034667969
dirac,520,5,89.8269271850586
orthogonal,520,5,89.83003234863281
sparse0.5,520,5,89.75581359863281
uniform,520,6,89.77169799804688
gaussian,520,6,89.86861419677734
dirac,520,6,89.8269271850586
orthogonal,520,6,89.86618041992188
sparse0.5,520,6,89.7834243774414
uniform,530,1,89.94599151611328
gaussian,530,1,89.77527618408203
dirac,530,1,89.83019256591797
orthogonal,530,1,89.79598236083984
sparse0.5,530,1,89.52627563476562
uniform,530,2,89.81676483154297
gaussian,530,2,89.83450317382812
dirac,530,2,89.83019256591797
orthogonal,530,2,89.80036926269531
sparse0.5,530,2,89.7929916381836
uniform,530,3,89.81505584716797
gaussian,530,3,89.67826080322266
dirac,530,3,89.83019256591797
orthogonal,530,3,89.8045654296875
sparse0.5,530,3,89.83794403076172
uniform,530,4,89.7557601928711
gaussian,530,4,89.88980865478516
dirac,530,4,89.83019256591797
orthogonal,530,4,89.77452850341797
sparse0.5,530,4,89.77605438232422
uniform,530,5,89.74710845947266
gaussian,530,5,89.87853240966797
dirac,530,5,89.83019256591797
orthogonal,530,5,89.852783203125
sparse0.5,530,5,89.79130554199219
uniform,530,6,89.7363510131836
gaussian,530,6,89.87067413330078
dirac,530,6,89.83019256591797
orthogonal,530,6,89.87371826171875
sparse0.5,530,6,89.89408111572266
uniform,540,1,89.62271881103516
gaussian,540,1,89.71744537353516
dirac,540,1,89.83333587646484
orthogonal,540,1,89.75464630126953
sparse0.5,540,1,89.87010955810547
uniform,540,2,89.71517944335938
gaussian,540,2,89.79390716552734
dirac,540,2,89.83333587646484
orthogonal,540,2,89.8216552734375
sparse0.5,540,2,89.79995727539062
uniform,540,3,89.78417205810547
gaussian,540,3,89.8658676147461
dirac,540,3,89.83333587646484
orthogonal,540,3,89.88040161132812
sparse0.5,540,3,89.81035614013672
uniform,540,4,89.92013549804688
gaussian,540,4,89.77217864990234
dirac,540,4,89.83333587646484
orthogonal,540,4,89.79347229003906
sparse0.5,540,4,89.73854064941406
uniform,540,5,89.78202056884766
gaussian,540,5,89.9417495727539
dirac,540,5,89.83333587646484
orthogonal,540,5,89.7455825805664
sparse0.5,540,5,89.86308288574219
uniform,540,6,89.6984634399414
gaussian,540,6,89.88118743896484
dirac,540,6,89.83333587646484
orthogonal,540,6,89.87637329101562
sparse0.5,540,6,89.90850067138672
uniform,550,1,89.7512435913086
gaussian,550,1,89.8082275390625
dirac,550,1,89.83636474609375
orthogonal,550,1,89.85729217529297
sparse0.5,550,1,89.88919067382812
uniform,550,2,89.75181579589844
gaussian,550,2,89.84265899658203
dirac,550,2,89.83636474609375
orthogonal,550,2,89.84263610839844
sparse0.5,550,2,89.96446228027344
uniform,550,3,89.7640380859375
gaussian,550,3,89.75381469726562
dirac,550,3,89.83636474609375
orthogonal,550,3,89.89065551757812
sparse0.5,550,3,89.9554443359375
uniform,550,4,89.60435485839844
gaussian,550,4,89.83443450927734
dirac,550,4,89.83636474609375
orthogonal,550,4,89.82643127441406
sparse0.5,550,4,89.82412719726562
uniform,550,5,89.73320007324219
gaussian,550,5,89.82109832763672
dirac,550,5,89.83636474609375
orthogonal,550,5,89.8147964477539
sparse0.5,550,5,89.81778717041016
uniform,550,6,89.6926498413086
gaussian,550,6,89.80219268798828
dirac,550,6,89.83636474609375
orthogonal,550,6,89.79034423828125
sparse0.5,550,6,89.85079956054688
uniform,560,1,89.66082763671875
gaussian,560,1,89.8417739868164
dirac,560,1,89.83928680419922
orthogonal,560,1,89.84001922607422
sparse0.5,560,1,89.9106216430664
uniform,560,2,89.64204406738281
gaussian,560,2,89.932373046875
dirac,560,2,89.83928680419922
orthogonal,560,2,89.85465240478516
sparse0.5,560,2,89.803955078125
uniform,560,3,89.7799301147461
gaussian,560,3,89.71788787841797
dirac,560,3,89.83928680419922
orthogonal,560,3,89.78012084960938
sparse0.5,560,3,89.92465209960938
uniform,560,4,89.66679382324219
gaussian,560,4,89.80087280273438
dirac,560,4,89.83928680419922
orthogonal,560,4,89.79319763183594
sparse0.5,560,4,89.81936645507812
uniform,560,5,89.88233947753906
gaussian,560,5,89.831787109375
dirac,560,5,89.83928680419922
orthogonal,560,5,89.80424499511719
sparse0.5,560,5,89.83940124511719
uniform,560,6,89.7157974243164
gaussian,560,6,89.86389923095703
dirac,560,6,89.83928680419922
orthogonal,560,6,89.82782745361328
sparse0.5,560,6,89.79741668701172
uniform,570,1,89.45380401611328
gaussian,570,1,90.051513671875
dirac,570,1,89.84210968017578
orthogonal,570,1,89.63651275634766
sparse0.5,570,1,89.80818176269531
uniform,570,2,89.79765319824219
gaussian,570,2,89.99259948730469
dirac,570,2,89.84210968017578
orthogonal,570,2,89.73687744140625
sparse0.5,570,2,89.70003509521484
uniform,570,3,89.71390533447266
gaussian,570,3,89.83084106445312
dirac,570,3,89.84210968017578
orthogonal,570,3,89.87418365478516
sparse0.5,570,3,89.81095123291016
uniform,570,4,89.76419067382812
gaussian,570,4,89.8328857421875
dirac,570,4,89.84210968017578
orthogonal,570,4,89.82145690917969
sparse0.5,570,4,89.882568359375
uniform,570,5,89.8127212524414
gaussian,570,5,89.7781982421875
dirac,570,5,89.84210968017578
orthogonal,570,5,89.82768249511719
sparse0.5,570,5,89.84749603271484
uniform,570,6,89.7590103149414
gaussian,570,6,89.861328125
dirac,570,6,89.84210968017578
orthogonal,570,6,89.766845703125
sparse0.5,570,6,89.73619842529297
uniform,580,1,89.81137084960938
gaussian,580,1,89.92609405517578
dirac,580,1,89.84483337402344
orthogonal,580,1,89.80243682861328
sparse0.5,580,1,89.74274444580078
uniform,580,2,89.83124542236328
gaussian,580,2,89.94647216796875
dirac,580,2,89.84483337402344
orthogonal,580,2,89.7673110961914
sparse0.5,580,2,89.89918518066406
uniform,580,3,89.60730743408203
gaussian,580,3,89.85347747802734
dirac,580,3,89.8448257446289
orthogonal,580,3,89.7919921875
sparse0.5,580,3,89.93585968017578
uniform,580,4,89.83413696289062
gaussian,580,4,89.92424011230469
dirac,580,4,89.84483337402344
orthogonal,580,4,89.8671875
sparse0.5,580,4,89.8463134765625
uniform,580,5,89.66610717773438
gaussian,580,5,89.73289489746094
dirac,580,5,89.84483337402344
orthogonal,580,5,89.78681945800781
sparse0.5,580,5,89.86883544921875
uniform,580,6,89.71207427978516
gaussian,580,6,89.81859588623047
dirac,580,6,89.84484100341797
orthogonal,580,6,89.85345458984375
sparse0.5,580,6,89.80558013916016
uniform,590,1,89.72462463378906
gaussian,590,1,90.02191925048828
dirac,590,1,89.84745788574219
orthogonal,590,1,89.77310943603516
sparse0.5,590,1,89.72144317626953
uniform,590,2,89.75093078613281
gaussian,590,2,89.96492004394531
dirac,590,2,89.84745788574219
orthogonal,590,2,89.80000305175781
sparse0.5,590,2,89.86731719970703
uniform,590,3,89.79019927978516
gaussian,590,3,89.82366180419922
dirac,590,3,89.84745025634766
orthogonal,590,3,89.7811050415039
sparse0.5,590,3,89.82723236083984
uniform,590,4,89.75519561767578
gaussian,590,4,89.78826904296875
dirac,590,4,89.84745788574219
orthogonal,590,4,89.85151672363281
sparse0.5,590,4,89.78054809570312
uniform,590,5,89.87654876708984
gaussian,590,5,89.9029541015625
dirac,590,5,89.84745788574219
orthogonal,590,5,89.88314056396484
sparse0.5,590,5,89.87109375
uniform,590,6,89.7164535522461
gaussian,590,6,89.9377212524414
dirac,590,6,89.84746551513672
orthogonal,590,6,89.86932373046875
sparse0.5,590,6,89.90717315673828
uniform,600,1,89.73722076416016
gaussian,600,1,89.74254608154297
dirac,600,1,89.85000610351562
orthogonal,600,1,89.98954772949219
sparse0.5,600,1,89.77460479736328
uniform,600,2,89.72078704833984
gaussian,600,2,89.80625915527344
dirac,600,2,89.85000610351562
orthogonal,600,2,89.83938598632812
sparse0.5,600,2,89.88642120361328
uniform,600,3,89.63162994384766
gaussian,600,3,89.8156509399414
dirac,600,3,89.85000610351562
orthogonal,600,3,89.87335205078125
sparse0.5,600,3,89.80419921875
uniform,600,4,89.7794418334961
gaussian,600,4,89.7796630859375
dirac,600,4,89.85000610351562
orthogonal,600,4,89.81576538085938
sparse0.5,600,4,89.8122787475586
uniform,600,5,89.74717712402344
gaussian,600,5,89.8920669555664
dirac,600,5,89.85000610351562
orthogonal,600,5,89.87166595458984
sparse0.5,600,5,89.85428619384766
uniform,600,6,89.70658111572266
gaussian,600,6,89.84939575195312
dirac,600,6,89.85000610351562
orthogonal,600,6,89.86707305908203
sparse0.5,600,6,89.81624603271484
uniform,610,1,89.82921600341797
gaussian,610,1,89.8455810546875
dirac,610,1,89.85246276855469
orthogonal,610,1,89.82500457763672
sparse0.5,610,1,89.90869140625
uniform,610,2,89.80726623535156
gaussian,610,2,89.7708740234375
dirac,610,2,89.85246276855469
orthogonal,610,2,89.79169464111328
sparse0.5,610,2,89.81982421875
uniform,610,3,89.82256317138672
gaussian,610,3,89.787109375
dirac,610,3,89.85245513916016
orthogonal,610,3,89.81824493408203
sparse0.5,610,3,89.89657592773438
uniform,610,4,89.69308471679688
gaussian,610,4,89.79158020019531
dirac,610,4,89.85246276855469
orthogonal,610,4,89.87770080566406
sparse0.5,610,4,89.83267211914062
uniform,610,5,89.68861389160156
gaussian,610,5,89.82982635498047
dirac,610,5,89.85246276855469
orthogonal,610,5,89.85774230957031
sparse0.5,610,5,89.81450653076172
uniform,610,6,89.83463287353516
gaussian,610,6,89.79236602783203
dirac,610,6,89.85247039794922
orthogonal,610,6,89.85992431640625
sparse0.5,610,6,89.85930633544922
uniform,620,1,89.67962646484375
gaussian,620,1,89.84385681152344
dirac,620,1,89.85484313964844
orthogonal,620,1,89.85546112060547
sparse0.5,620,1,89.94677734375
uniform,620,2,89.59963989257812
gaussian,620,2,89.75929260253906
dirac,620,2,89.85484313964844
orthogonal,620,2,89.7295150756836
sparse0.5,620,2,89.89306640625
uniform,620,3,89.74773406982422
gaussian,620,3,89.8962631225586
dirac,620,3,89.8548355102539
orthogonal,620,3,89.7115478515625
sparse0.5,620,3,89.8046875
uniform,620,4,89.771484375
gaussian,620,4,89.78620147705078
dirac,620,4,89.85484313964844
orthogonal,620,4,89.84831237792969
sparse0.5,620,4,89.82530975341797
uniform,620,5,89.78092956542969
gaussian,620,5,89.86041259765625
dirac,620,5,89.85484313964844
orthogonal,620,5,89.83634185791016
sparse0.5,620,5,89.84368896484375
uniform,620,6,89.7642593383789
gaussian,620,6,89.84680938720703
dirac,620,6,89.85485076904297
orthogonal,620,6,89.90750885009766
sparse0.5,620,6,89.80319213867188
uniform,630,1,89.82193756103516
gaussian,630,1,89.80021667480469
dirac,630,1,89.85714721679688
orthogonal,630,1,89.76329803466797
sparse0.5,630,1,89.67529296875
uniform,630,2,89.66506958007812
gaussian,630,2,89.80450439453125
dirac,630,2,89.85714721679688
orthogonal,630,2,89.78190612792969
sparse0.5,630,2,89.7572021484375
uniform,630,3,89.85668182373047
gaussian,630,3,89.82816314697266
dirac,630,3,89.85714721679688
orthogonal,630,3,89.90692138671875
sparse0.5,630,3,89.86432647705078
uniform,630,4,89.85801696777344
gaussian,630,4,89.86543273925781
dirac,630,4,89.85714721679688
orthogonal,630,4,89.84014892578125
sparse0.5,630,4,89.87994384765625
uniform,630,5,89.80241394042969
gaussian,630,5,89.89726257324219
dirac,630,5,89.85714721679688
orthogonal,630,5,89.9237289428711
sparse0.5,630,5,89.8293228149414
uniform,630,6,89.79901885986328
gaussian,630,6,89.8690414428711
dirac,630,6,89.85714721679688
orthogonal,630,6,89.9305648803711
sparse0.5,630,6,89.87700653076172
uniform,640,1,89.73259735107422
gaussian,640,1,89.7745361328125
dirac,640,1,89.859375
orthogonal,640,1,89.92666625976562
sparse0.5,640,1,89.86809539794922
uniform,640,2,89.85810089111328
gaussian,640,2,89.85541534423828
dirac,640,2,89.859375
orthogonal,640,2,89.74105834960938
sparse0.5,640,2,89.81907653808594
uniform,640,3,89.82318115234375
gaussian,640,3,89.9173812866211
dirac,640,3,89.859375
orthogonal,640,3,89.90836334228516
sparse0.5,640,3,89.67838287353516
uniform,640,4,89.77592468261719
gaussian,640,4,89.87588500976562
dirac,640,4,89.859375
orthogonal,640,4,89.83106994628906
sparse0.5,640,4,89.89680480957031
uniform,640,5,89.89689636230469
gaussian,640,5,89.80433654785156
dirac,640,5,89.859375
orthogonal,640,5,89.87638092041016
sparse0.5,640,5,89.90852355957031
uniform,640,6,89.7876205444336
gaussian,640,6,89.8906478881836
dirac,640,6,89.859375
orthogonal,640,6,89.8858413696289
sparse0.5,640,6,89.87728881835938
uniform,650,1,89.72443389892578
gaussian,650,1,89.97177124023438
dirac,650,1,89.86154174804688
orthogonal,650,1,89.8525390625
sparse0.5,650,1,89.9482421875
uniform,650,2,89.81629943847656
gaussian,650,2,89.95166015625
dirac,650,2,89.86154174804688
orthogonal,650,2,89.77803039550781
sparse0.5,650,2,89.87825012207031
uniform,650,3,89.7163314819336
gaussian,650,3,89.7650375366211
dirac,650,3,89.86154174804688
orthogonal,650,3,89.84658813476562
sparse0.5,650,3,89.91152954101562
uniform,650,4,89.84454345703125
gaussian,650,4,89.78190612792969
dirac,650,4,89.86154174804688
orthogonal,650,4,89.82234954833984
sparse0.5,650,4,89.89926147460938
uniform,650,5,89.79063415527344
gaussian,650,5,89.81494140625
dirac,650,5,89.86154174804688
orthogonal,650,5,89.84434509277344
sparse0.5,650,5,89.81751251220703
uniform,650,6,89.7553939819336
gaussian,650,6,89.87699127197266
dirac,650,6,89.86154174804688
orthogonal,650,6,89.7772445678711
sparse0.5,650,6,89.80255126953125
uniform,660,1,89.7422866821289
gaussian,660,1,89.84526062011719
dirac,660,1,89.86363983154297
orthogonal,660,1,89.8453598022461
sparse0.5,660,1,89.88041687011719
uniform,660,2,89.68006896972656
gaussian,660,2,89.9248046875
dirac,660,2,89.86363983154297
orthogonal,660,2,89.7642593383789
sparse0.5,660,2,89.93035125732422
uniform,660,3,89.80535125732422
gaussian,660,3,89.89952850341797
dirac,660,3,89.86363983154297
orthogonal,660,3,89.80040740966797
sparse0.5,660,3,89.94029998779297
uniform,660,4,89.82205200195312
gaussian,660,4,89.93419647216797
dirac,660,4,89.86363983154297
orthogonal,660,4,89.84226989746094
sparse0.5,660,4,89.90474700927734
uniform,660,5,89.72931671142578
gaussian,660,5,89.83126068115234
dirac,660,5,89.86363983154297
orthogonal,660,5,89.86048126220703
sparse0.5,660,5,89.90377807617188
uniform,660,6,89.76702880859375
gaussian,660,6,89.83931732177734
dirac,660,6,89.86363983154297
orthogonal,660,6,89.8486099243164
sparse0.5,660,6,89.85591888427734
uniform,670,1,89.8343276977539
gaussian,670,1,89.81181335449219
dirac,670,1,89.86567687988281
orthogonal,670,1,89.64055633544922
sparse0.5,670,1,89.8119125366211
uniform,670,2,89.816650390625
gaussian,670,2,89.8824462890625
dirac,670,2,89.86567687988281
orthogonal,670,2,89.8275146484375
sparse0.5,670,2,89.82489013671875
uniform,670,3,89.7523422241211
gaussian,670,3,90.0191879272461
dirac,670,3,89.86568450927734
orthogonal,670,3,89.8777084350586
sparse0.5,670,3,89.83089447021484
uniform,670,4,89.81796264648438
gaussian,670,4,89.91710662841797
dirac,670,4,89.86567687988281
orthogonal,670,4,89.85774230957031
sparse0.5,670,4,89.91278076171875
uniform,670,5,89.78687286376953
gaussian,670,5,89.90644836425781
dirac,670,5,89.86567687988281
orthogonal,670,5,89.8471908569336
sparse0.5,670,5,89.83236694335938
uniform,670,6,89.80997467041016
gaussian,670,6,89.89330291748047
dirac,670,6,89.86566925048828
orthogonal,670,6,89.8050537109375
sparse0.5,670,6,89.88632202148438
uniform,680,1,89.87694549560547
gaussian,680,1,89.9275131225586
dirac,680,1,89.8676528930664
orthogonal,680,1,89.802490234375
sparse0.5,680,1,89.7489013671875
uniform,680,2,89.70291900634766
gaussian,680,2,89.89923095703125
dirac,680,2,89.8676528930664
orthogonal,680,2,89.96955871582031
sparse0.5,680,2,89.91840362548828
uniform,680,3,89.7751235961914
gaussian,680,3,89.897705078125
dirac,680,3,89.8676528930664
orthogonal,680,3,89.88162994384766
sparse0.5,680,3,89.83588409423828
uniform,680,4,89.7734375
gaussian,680,4,89.87237548828125
dirac,680,4,89.8676528930664
orthogonal,680,4,89.90092468261719
sparse0.5,680,4,89.86805725097656
uniform,680,5,89.8164291381836
gaussian,680,5,89.81278991699219
dirac,680,5,89.8676528930664
orthogonal,680,5,89.87891387939453
sparse0.5,680,5,89.8873062133789
uniform,680,6,89.74185180664062
gaussian,680,6,89.8313217163086
dirac,680,6,89.8676528930664
orthogonal,680,6,89.86959838867188
sparse0.5,680,6,89.91336059570312
uniform,690,1,89.75328063964844
gaussian,690,1,89.83011627197266
dirac,690,1,89.86956787109375
orthogonal,690,1,89.95938110351562
sparse0.5,690,1,89.77872467041016
uniform,690,2,89.85513305664062
gaussian,690,2,89.72050476074219
dirac,690,2,89.86956787109375
orthogonal,690,2,89.89329528808594
sparse0.5,690,2,89.89221954345703
uniform,690,3,89.82977294921875
gaussian,690,3,89.82648468017578
dirac,690,3,89.86956787109375
orthogonal,690,3,89.967041015625
sparse0.5,690,3,89.87774658203125
uniform,690,4,89.80160522460938
gaussian,690,4,89.92381286621094
dirac,690,4,89.86956787109375
orthogonal,690,4,89.84660339355469
sparse0.5,690,4,89.962890625
uniform,690,5,89.85392761230469
gaussian,690,5,89.92523193359375
dirac,690,5,89.86956787109375
orthogonal,690,5,89.88189697265625
sparse0.5,690,5,89.89369201660156
uniform,690,6,89.77649688720703
gaussian,690,6,89.85135650634766
dirac,690,6,89.86956787109375
orthogonal,690,6,89.86719512939453
sparse0.5,690,6,89.95491790771484
uniform,700,1,89.98564910888672
gaussian,700,1,89.98334503173828
dirac,700,1,89.87142944335938
orthogonal,700,1,89.95822143554688
sparse0.5,700,1,89.81103515625
uniform,700,2,89.78636169433594
gaussian,700,2,89.75577545166016
dirac,700,2,89.87142944335938
orthogonal,700,2,89.94932556152344
sparse0.5,700,2,89.77017974853516
uniform,700,3,89.91100311279297
gaussian,700,3,89.784423828125
dirac,700,3,89.87142944335938
orthogonal,700,3,89.92486572265625
sparse0.5,700,3,89.80095672607422
uniform,700,4,89.78060150146484
gaussian,700,4,89.897216796875
dirac,700,4,89.87142944335938
orthogonal,700,4,89.81608581542969
sparse0.5,700,4,89.86021423339844
uniform,700,5,89.80534362792969
gaussian,700,5,89.875732421875
dirac,700,5,89.87142944335938
orthogonal,700,5,89.87139892578125
sparse0.5,700,5,89.82766723632812
uniform,700,6,89.80255126953125
gaussian,700,6,89.85797119140625
dirac,700,6,89.87142944335938
orthogonal,700,6,89.95203399658203
sparse0.5,700,6,89.9111557006836
uniform,710,1,89.84248352050781
gaussian,710,1,89.90654754638672
dirac,710,1,89.87324523925781
orthogonal,710,1,89.99835968017578
sparse0.5,710,1,89.82492065429688
uniform,710,2,89.77527618408203
gaussian,710,2,89.86968994140625
dirac,710,2,89.87324523925781
orthogonal,710,2,89.93800354003906
sparse0.5,710,2,89.80351257324219
uniform,710,3,89.78934478759766
gaussian,710,3,89.98931121826172
dirac,710,3,89.87325286865234
orthogonal,710,3,89.8376235961914
sparse0.5,710,3,89.87954711914062
uniform,710,4,89.86064147949219
gaussian,710,4,89.88174438476562
dirac,710,4,89.87324523925781
orthogonal,710,4,89.86994934082031
sparse0.5,710,4,89.8614730834961
uniform,710,5,89.7647476196289
gaussian,710,5,89.82859802246094
dirac,710,5,89.87324523925781
orthogonal,710,5,89.91470336914062
sparse0.5,710,5,89.85759735107422
uniform,710,6,89.84818267822266
gaussian,710,6,89.92181396484375
dirac,710,6,89.87323760986328
orthogonal,710,6,89.84070587158203
sparse0.5,710,6,89.86788940429688
uniform,720,1,89.74131774902344
gaussian,720,1,89.75968933105469
dirac,720,1,89.875
orthogonal,720,1,89.83577728271484
sparse0.5,720,1,89.95352172851562
uniform,720,2,89.87095642089844
gaussian,720,2,89.85946655273438
dirac,720,2,89.875
orthogonal,720,2,90.0013427734375
sparse0.5,720,2,89.90069580078125
uniform,720,3,89.6646728515625
gaussian,720,3,89.92837524414062
dirac,720,3,89.875
orthogonal,720,3,89.89630889892578
sparse0.5,720,3,89.8825454711914
uniform,720,4,89.84922790527344
gaussian,720,4,89.85765075683594
dirac,720,4,89.875
orthogonal,720,4,89.80331420898438
sparse0.5,720,4,89.81706237792969
uniform,720,5,89.77864837646484
gaussian,720,5,89.87423706054688
dirac,720,5,89.875
orthogonal,720,5,89.87662506103516
sparse0.5,720,5,89.93205261230469
uniform,720,6,89.7644271850586
gaussian,720,6,89.88668060302734
dirac,720,6,89.875
orthogonal,720,6,89.9021224975586
sparse0.5,720,6,89.82260131835938
uniform,730,1,89.78764343261719
gaussian,730,1,90.1473388671875
dirac,730,1,89.87671661376953
orthogonal,730,1,90.09353637695312
sparse0.5,730,1,89.90945434570312
uniform,730,2,89.76953125
gaussian,730,2,89.86798095703125
dirac,730,2,89.87671661376953
orthogonal,730,2,89.9073257446289
sparse0.5,730,2,89.96846008300781
uniform,730,3,89.7946548461914
gaussian,730,3,89.86572265625
dirac,730,3,89.87671661376953
orthogonal,730,3,89.8746109008789
sparse0.5,730,3,89.87023162841797
uniform,730,4,89.78741455078125
gaussian,730,4,89.87150573730469
dirac,730,4,89.87671661376953
orthogonal,730,4,89.85037994384766
sparse0.5,730,4,89.85509490966797
uniform,730,5,89.8262710571289
gaussian,730,5,89.91896057128906
dirac,730,5,89.87671661376953
orthogonal,730,5,89.81889343261719
sparse0.5,730,5,89.85538482666016
uniform,730,6,89.82583618164062
gaussian,730,6,89.82389068603516
dirac,730,6,89.87671661376953
orthogonal,730,6,89.88385772705078
sparse0.5,730,6,89.84915161132812
uniform,740,1,89.8009262084961
gaussian,740,1,89.9826431274414
dirac,740,1,89.87837982177734
orthogonal,740,1,89.89302825927734
sparse0.5,740,1,89.81158447265625
uniform,740,2,89.82933044433594
gaussian,740,2,89.89212036132812
dirac,740,2,89.87837982177734
orthogonal,740,2,89.86253356933594
sparse0.5,740,2,89.98587036132812
uniform,740,3,89.7786636352539
gaussian,740,3,89.91056060791016
dirac,740,3,89.87837982177734
orthogonal,740,3,89.8652572631836
sparse0.5,740,3,89.87966918945312
uniform,740,4,89.75372314453125
gaussian,740,4,89.87181091308594
dirac,740,4,89.87837982177734
orthogonal,740,4,89.9201431274414
sparse0.5,740,4,89.810791015625
uniform,740,5,89.82463073730469
gaussian,740,5,89.93695068359375
dirac,740,5,89.87837982177734
orthogonal,740,5,89.88166809082031
sparse0.5,740,5,89.82941436767578
uniform,740,6,89.8358154296875
gaussian,740,6,89.92495727539062
dirac,740,6,89.87837982177734
orthogonal,740,6,89.8391342163086
sparse0.5,740,6,89.86853790283203
uniform,750,1,89.74300384521484
gaussian,750,1,89.91071319580078
dirac,750,1,89.8800048828125
orthogonal,750,1,89.85781860351562
sparse0.5,750,1,89.95406341552734
uniform,750,2,89.86570739746094
gaussian,750,2,89.91448211669922
dirac,750,2,89.8800048828125
orthogonal,750,2,89.79286193847656
sparse0.5,750,2,89.92283630371094
uniform,750,3,89.87908935546875
gaussian,750,3,89.89895629882812
dirac,750,3,89.8800048828125
orthogonal,750,3,89.82508087158203
sparse0.5,750,3,89.86600494384766
uniform,750,4,89.73165130615234
gaussian,750,4,89.85319519042969
dirac,750,4,89.8800048828125
orthogonal,750,4,89.89994812011719
sparse0.5,750,4,89.85546875
uniform,750,5,89.78742980957031
gaussian,750,5,89.88350677490234
dirac,750,5,89.8800048828125
orthogonal,750,5,89.83565521240234
sparse0.5,750,5,89.85984802246094
uniform,750,6,89.73542022705078
gaussian,750,6,89.81893157958984
dirac,750,6,89.8800048828125
orthogonal,750,6,89.90193939208984
sparse0.5,750,6,89.84709930419922
uniform,760,1,89.79798126220703
gaussian,760,1,89.81512451171875
dirac,760,1,89.88158416748047
orthogonal,760,1,89.8599624633789
sparse0.5,760,1,89.90940856933594
uniform,760,2,89.82499694824219
gaussian,760,2,89.86607360839844
dirac,760,2,89.88158416748047
orthogonal,760,2,89.9337158203125
sparse0.5,760,2,89.85968017578125
uniform,760,3,89.8033676147461
gaussian,760,3,89.8411865234375
dirac,760,3,89.88158416748047
orthogonal,760,3,89.83782958984375
sparse0.5,760,3,89.88883209228516
uniform,760,4,89.74295043945312
gaussian,760,4,89.86692810058594
dirac,760,4,89.88158416748047
orthogonal,760,4,89.91242980957031
sparse0.5,760,4,89.81726837158203
uniform,760,5,89.85313415527344
gaussian,760,5,89.90179443359375
dirac,760,5,89.88158416748047
orthogonal,760,5,89.85255432128906
sparse0.5,760,5,89.91292572021484
uniform,760,6,89.83907318115234
gaussian,760,6,89.86862182617188
dirac,760,6,89.88158416748047
orthogonal,760,6,89.8671646118164
sparse0.5,760,6,89.86318969726562
uniform,770,1,89.79259490966797
gaussian,770,1,89.85314178466797
dirac,770,1,89.88311767578125
orthogonal,770,1,89.8707275390625
sparse0.5,770,1,89.90773010253906
uniform,770,2,89.8277587890625
gaussian,770,2,89.83863830566406
dirac,770,2,89.88311767578125
orthogonal,770,2,89.92758178710938
sparse0.5,770,2,89.862548828125
uniform,770,3,89.7728271484375
gaussian,770,3,89.97087860107422
dirac,770,3,89.88311767578125
orthogonal,770,3,89.8670883178711
sparse0.5,770,3,89.92107391357422
uniform,770,4,89.82804870605469
gaussian,770,4,89.872314453125
dirac,770,4,89.88311767578125
orthogonal,770,4,89.90734100341797
sparse0.5,770,4,89.9654312133789
uniform,770,5,89.78919982910156
gaussian,770,5,89.86104583740234
dirac,770,5,89.88311767578125
orthogonal,770,5,89.82403564453125
sparse0.5,770,5,89.86070251464844
uniform,770,6,89.82019805908203
gaussian,770,6,89.86334228515625
dirac,770,6,89.88311767578125
orthogonal,770,6,89.93868255615234
sparse0.5,770,6,89.82013702392578
uniform,780,1,89.81124877929688
gaussian,780,1,89.77998352050781
dirac,780,1,89.8846206665039
orthogonal,780,1,89.89250946044922
sparse0.5,780,1,89.91844940185547
uniform,780,2,89.81248474121094
gaussian,780,2,89.87065124511719
dirac,780,2,89.8846206665039
orthogonal,780,2,89.77653503417969
sparse0.5,780,2,89.82242584228516
uniform,780,3,89.86327362060547
gaussian,780,3,89.83516693115234
dirac,780,3,89.8846206665039
orthogonal,780,3,89.87702178955078
sparse0.5,780,3,89.89615631103516
uniform,780,4,89.8833999633789
gaussian,780,4,89.92294311523438
dirac,780,4,89.8846206665039
orthogonal,780,4,89.83755493164062
sparse0.5,780,4,89.87482452392578
uniform,780,5,89.78807830810547
gaussian,780,5,89.91877746582031
dirac,780,5,89.8846206665039
orthogonal,780,5,89.90495300292969
sparse0.5,780,5,89.88335418701172
uniform,780,6,89.86397552490234
gaussian,780,6,89.8442611694336
dirac,780,6,89.8846206665039
orthogonal,780,6,89.8862533569336
sparse0.5,780,6,89.88174438476562
uniform,790,1,89.91693878173828
gaussian,790,1,89.91805267333984
dirac,790,1,89.88607788085938
orthogonal,790,1,89.97679901123047
sparse0.5,790,1,89.91587829589844
uniform,790,2,89.71449279785156
gaussian,790,2,89.83645629882812
dirac,790,2,89.88607788085938
orthogonal,790,2,89.82673645019531
sparse0.5,790,2,89.90109252929688
uniform,790,3,89.7967758178711
gaussian,790,3,89.8591079711914
dirac,790,3,89.88607788085938
orthogonal,790,3,89.80538177490234
sparse0.5,790,3,89.9718017578125
uniform,790,4,89.80863952636719
gaussian,790,4,89.87747192382812
dirac,790,4,89.88607788085938
orthogonal,790,4,89.90808868408203
sparse0.5,790,4,89.7929458618164
uniform,790,5,89.7326431274414
gaussian,790,5,89.88490295410156
dirac,790,5,89.88607788085938
orthogonal,790,5,89.89042663574219
sparse0.5,790,5,89.91337585449219
uniform,790,6,89.82754516601562
gaussian,790,6,89.90911102294922
dirac,790,6,89.88607788085938
orthogonal,790,6,89.90230560302734
sparse0.5,790,6,89.88016510009766
uniform,800,1,89.82512664794922
gaussian,800,1,89.82080841064453
dirac,800,1,89.88750457763672
orthogonal,800,1,89.84650421142578
sparse0.5,800,1,89.92223358154297
uniform,800,2,89.83792114257812
gaussian,800,2,89.89197540283203
dirac,800,2,89.88750457763672
orthogonal,800,2,89.91792297363281
sparse0.5,800,2,89.90116882324219
uniform,800,3,89.8824462890625
gaussian,800,3,89.84227752685547
dirac,800,3,89.88750457763672
orthogonal,800,3,89.8383560180664
sparse0.5,800,3,89.8769302368164
uniform,800,4,89.8360595703125
gaussian,800,4,89.89295959472656
dirac,800,4,89.88750457763672
orthogonal,800,4,89.86786651611328
sparse0.5,800,4,89.92872619628906
uniform,800,5,89.81574249267578
gaussian,800,5,89.85957336425781
dirac,800,5,89.88750457763672
orthogonal,800,5,89.89517974853516
sparse0.5,800,5,89.8487777709961
uniform,800,6,89.8420181274414
gaussian,800,6,89.9166259765625
dirac,800,6,89.88750457763672
orthogonal,800,6,89.9082260131836
sparse0.5,800,6,89.90906524658203
uniform,810,1,89.74341583251953
gaussian,810,1,89.80531311035156
dirac,810,1,89.8888931274414
orthogonal,810,1,89.98057556152344
sparse0.5,810,1,90.01990509033203
uniform,810,2,89.88308715820312
gaussian,810,2,89.93638610839844
dirac,810,2,89.8888931274414
orthogonal,810,2,89.98689270019531
sparse0.5,810,2,89.87286376953125
uniform,810,3,89.83718872070312
gaussian,810,3,89.83575439453125
dirac,810,3,89.8888931274414
orthogonal,810,3,89.86089324951172
sparse0.5,810,3,89.81421661376953
uniform,810,4,89.81512451171875
gaussian,810,4,89.94881439208984
dirac,810,4,89.8888931274414
orthogonal,810,4,89.85394287109375
sparse0.5,810,4,89.82635498046875
uniform,810,5,89.78399658203125
gaussian,810,5,89.94808197021484
dirac,810,5,89.8888931274414
orthogonal,810,5,89.90129089355469
sparse0.5,810,5,89.91804504394531
uniform,810,6,89.7989730834961
gaussian,810,6,89.84459686279297
dirac,810,6,89.8888931274414
orthogonal,810,6,89.90882110595703
sparse0.5,810,6,89.86297607421875
uniform,820,1,89.88392639160156
gaussian,820,1,89.89612579345703
dirac,820,1,89.89024353027344
orthogonal,820,1,89.64264678955078
sparse0.5,820,1,89.9776382446289
uniform,820,2,89.88880920410156
gaussian,820,2,89.91480255126953
dirac,820,2,89.89024353027344
orthogonal,820,2,89.8492660522461
sparse0.5,820,2,89.88536834716797
uniform,820,3,89.83740234375
gaussian,820,3,89.8882827758789
dirac,820,3,89.8902359008789
orthogonal,820,3,89.92276763916016
sparse0.5,820,3,89.86981964111328
uniform,820,4,89.80229949951172
gaussian,820,4,89.86659240722656
dirac,820,4,89.89024353027344
orthogonal,820,4,89.83673858642578
sparse0.5,820,4,89.88267517089844
uniform,820,5,89.7797622680664
gaussian,820,5,89.86332702636719
dirac,820,5,89.89024353027344
orthogonal,820,5,89.91578674316406
sparse0.5,820,5,89.87879943847656
uniform,820,6,89.80526733398438
gaussian,820,6,89.89215087890625
dirac,820,6,89.89025115966797
orthogonal,820,6,89.90090942382812
sparse0.5,820,6,89.86944580078125
uniform,830,1,89.68943786621094
gaussian,830,1,89.86576080322266
dirac,830,1,89.89157104492188
orthogonal,830,1,89.98008728027344
sparse0.5,830,1,89.75222778320312
uniform,830,2,89.79379272460938
gaussian,830,2,89.86740112304688
dirac,830,2,89.89157104492188
orthogonal,830,2,89.85279846191406
sparse0.5,830,2,89.99903106689453
uniform,830,3,89.8748779296875
gaussian,830,3,89.8428726196289
dirac,830,3,89.89157104492188
orthogonal,830,3,89.89176177978516
sparse0.5,830,3,89.88336181640625
uniform,830,4,89.84791564941406
gaussian,830,4,89.9029541015625
dirac,830,4,89.89157104492188
orthogonal,830,4,89.91645812988281
sparse0.5,830,4,89.87648010253906
uniform,830,5,89.89332580566406
gaussian,830,5,89.92044067382812
dirac,830,5,89.89157104492188
orthogonal,830,5,89.91358947753906
sparse0.5,830,5,89.9124984741211
uniform,830,6,89.83995819091797
gaussian,830,6,89.92630767822266
dirac,830,6,89.89157104492188
orthogonal,830,6,89.90689849853516
sparse0.5,830,6,89.8986587524414
uniform,840,1,89.73662567138672
gaussian,840,1,89.93685150146484
dirac,840,1,89.89286041259766
orthogonal,840,1,89.845947265625
sparse0.5,840,1,89.8591537475586
uniform,840,2,89.78326416015625
gaussian,840,2,89.8513412475586
dirac,840,2,89.89286041259766
orthogonal,840,2,89.88584899902344
sparse0.5,840,2,90.0033950805664
uniform,840,3,89.8222885131836
gaussian,840,3,89.89984130859375
dirac,840,3,89.89286041259766
orthogonal,840,3,89.94493865966797
sparse0.5,840,3,89.96439361572266
uniform,840,4,89.84024810791016
gaussian,840,4,89.9903564453125
dirac,840,4,89.89286041259766
orthogonal,840,4,89.92498016357422
sparse0.5,840,4,89.81562805175781
uniform,840,5,89.8121109008789
gaussian,840,5,89.88056945800781
dirac,840,5,89.89286041259766
orthogonal,840,5,89.8793716430664
sparse0.5,840,5,89.87836456298828
uniform,840,6,89.75786590576172
gaussian,840,6,89.86820220947266
dirac,840,6,89.89286041259766
orthogonal,840,6,89.91168212890625
sparse0.5,840,6,89.90355682373047
uniform,850,1,89.71923828125
gaussian,850,1,89.93993377685547
dirac,850,1,89.89411926269531
orthogonal,850,1,89.94966125488281
sparse0.5,850,1,89.93780517578125
uniform,850,2,89.76164245605469
gaussian,850,2,89.84788513183594
dirac,850,2,89.89411926269531
orthogonal,850,2,89.91234588623047
sparse0.5,850,2,89.92296600341797
uniform,850,3,89.8647689819336
gaussian,850,3,89.86721801757812
dirac,850,3,89.89412689208984
orthogonal,850,3,89.9199447631836
sparse0.5,850,3,89.856201171875
uniform,850,4,89.79875946044922
gaussian,850,4,89.90214538574219
dirac,850,4,89.89411926269531
orthogonal,850,4,89.93697357177734
sparse0.5,850,4,89.89229583740234
uniform,850,5,89.82164001464844
gaussian,850,5,89.85148620605469
dirac,850,5,89.89411926269531
orthogonal,850,5,89.90962219238281
sparse0.5,850,5,89.93547058105469
uniform,850,6,89.84207916259766
gaussian,850,6,89.88886260986328
dirac,850,6,89.89411163330078
orthogonal,850,6,89.9365005493164
sparse0.5,850,6,89.8817138671875
uniform,860,1,89.90055847167969
gaussian,860,1,89.84915924072266
dirac,860,1,89.89534759521484
orthogonal,860,1,89.95931243896484
sparse0.5,860,1,89.9488754272461
uniform,860,2,89.83909606933594
gaussian,860,2,89.89920043945312
dirac,860,2,89.89534759521484
orthogonal,860,2,89.9287109375
sparse0.5,860,2,89.90362548828125
uniform,860,3,89.83428192138672
gaussian,860,3,89.8764419555664
dirac,860,3,89.89534759521484
orthogonal,860,3,89.93173217773438
sparse0.5,860,3,90.00867462158203
uniform,860,4,89.78033447265625
gaussian,860,4,89.93482208251953
dirac,860,4,89.89534759521484
orthogonal,860,4,89.90023803710938
sparse0.5,860,4,89.90928649902344
uniform,860,5,89.864501953125
gaussian,860,5,89.92472076416016
dirac,860,5,89.89534759521484
orthogonal,860,5,89.82933044433594
sparse0.5,860,5,89.93280792236328
uniform,860,6,89.8304443359375
gaussian,860,6,89.96673583984375
dirac,860,6,89.89534759521484
orthogonal,860,6,89.8584213256836
sparse0.5,860,6,89.94259643554688
uniform,870,1,89.96649169921875
gaussian,870,1,89.85120391845703
dirac,870,1,89.89655303955078
orthogonal,870,1,89.97697448730469
sparse0.5,870,1,89.9468002319336
uniform,870,2,89.79060363769531
gaussian,870,2,89.94087982177734
dirac,870,2,89.89655303955078
orthogonal,870,2,89.83778381347656
sparse0.5,870,2,89.9671401977539
uniform,870,3,89.91387939453125
gaussian,870,3,89.8772201538086
dirac,870,3,89.89655303955078
orthogonal,870,3,89.9229965209961
sparse0.5,870,3,89.95030975341797
uniform,870,4,89.82743072509766
gaussian,870,4,89.92304992675781
dirac,870,4,89.89655303955078
orthogonal,870,4,89.84248352050781
sparse0.5,870,4,89.88190460205078
uniform,870,5,89.78587341308594
gaussian,870,5,89.88581848144531
dirac,870,5,89.89655303955078
orthogonal,870,5,89.8973388671875
sparse0.5,870,5,89.85753631591797
uniform,870,6,89.79915618896484
gaussian,870,6,89.92928314208984
dirac,870,6,89.89655303955078
orthogonal,870,6,89.8503189086914
sparse0.5,870,6,89.88208770751953
uniform,880,1,89.8941879272461
gaussian,880,1,89.8089599609375
dirac,880,1,89.8977279663086
orthogonal,880,1,89.92768096923828
sparse0.5,880,1,89.9334487915039
uniform,880,2,89.82620239257812
gaussian,880,2,89.93313598632812
dirac,880,2,89.8977279663086
orthogonal,880,2,89.93580627441406
sparse0.5,880,2,89.9539566040039
uniform,880,3,89.87139892578125
gaussian,880,3,89.91390228271484
dirac,880,3,89.8977279663086
orthogonal,880,3,89.93640899658203
sparse0.5,880,3,89.8830337524414
uniform,880,4,89.8388671875
gaussian,880,4,89.92213439941406
dirac,880,4,89.8977279663086
orthogonal,880,4,89.90699768066406
sparse0.5,880,4,89.916015625
uniform,880,5,89.87541198730469
gaussian,880,5,89.91866302490234
dirac,880,5,89.8977279663086
orthogonal,880,5,89.88573455810547
sparse0.5,880,5,89.90653228759766
uniform,880,6,89.8796615600586
gaussian,880,6,89.8739242553711
dirac,880,6,89.8977279663086
orthogonal,880,6,89.88116455078125
sparse0.5,880,6,89.936767578125
uniform,890,1,89.8946304321289
gaussian,890,1,89.9397964477539
dirac,890,1,89.89888000488281
orthogonal,890,1,89.8332748413086
sparse0.5,890,1,90.0065689086914
uniform,890,2,89.77084350585938
gaussian,890,2,89.86174774169922
dirac,890,2,89.89888000488281
orthogonal,890,2,89.9886474609375
sparse0.5,890,2,89.86190795898438
uniform,890,3,89.89810180664062
gaussian,890,3,89.9046630859375
dirac,890,3,89.89888763427734
orthogonal,890,3,89.85160064697266
sparse0.5,890,3,89.93533325195312
uniform,890,4,89.84806823730469
gaussian,890,4,89.935791015625
dirac,890,4,89.89888000488281
orthogonal,890,4,89.88642120361328
sparse0.5,890,4,89.89695739746094
uniform,890,5,89.76676940917969
gaussian,890,5,89.92174530029297
dirac,890,5,89.89888000488281
orthogonal,890,5,89.91143035888672
sparse0.5,890,5,89.85940551757812
uniform,890,6,89.86428833007812
gaussian,890,6,89.93484497070312
dirac,890,6,89.89887237548828
orthogonal,890,6,89.8968276977539
sparse0.5,890,6,89.90877532958984
uniform,900,1,89.75859069824219
gaussian,900,1,89.7839126586914
dirac,900,1,89.9000015258789
orthogonal,900,1,89.86469268798828
sparse0.5,900,1,90.02503967285156
uniform,900,2,89.8443603515625
gaussian,900,2,89.76773071289062
dirac,900,2,89.9000015258789
orthogonal,900,2,89.86936950683594
sparse0.5,900,2,89.90597534179688
uniform,900,3,89.8985595703125
gaussian,900,3,89.82311248779297
dirac,900,3,89.9000015258789
orthogonal,900,3,89.90524291992188
sparse0.5,900,3,89.87777709960938
uniform,900,4,89.83650207519531
gaussian,900,4,89.8892593383789
dirac,900,4,89.9000015258789
orthogonal,900,4,89.86429595947266
sparse0.5,900,4,89.93072509765625
uniform,900,5,89.83758544921875
gaussian,900,5,89.90796661376953
dirac,900,5,89.9000015258789
orthogonal,900,5,89.91172790527344
sparse0.5,900,5,89.94258880615234
uniform,900,6,89.86431121826172
gaussian,900,6,89.92449188232422
dirac,900,6,89.9000015258789
orthogonal,900,6,89.91199493408203
sparse0.5,900,6,89.90604400634766
uniform,910,1,89.8613052368164
gaussian,910,1,89.82720947265625
dirac,910,1,89.9011001586914
orthogonal,910,1,89.91659545898438
sparse0.5,910,1,90.0193099975586
uniform,910,2,89.93753051757812
gaussian,910,2,89.89881896972656
dirac,910,2,89.9011001586914
orthogonal,910,2,89.94937133789062
sparse0.5,910,2,89.9471664428711
uniform,910,3,89.8868179321289
gaussian,910,3,89.94066619873047
dirac,910,3,89.9011001586914
orthogonal,910,3,89.89127349853516
sparse0.5,910,3,89.8906478881836
uniform,910,4,89.87622833251953
gaussian,910,4,89.85098266601562
dirac,910,4,89.9011001586914
orthogonal,910,4,89.90940856933594
sparse0.5,910,4,89.8612060546875
uniform,910,5,89.84590911865234
gaussian,910,5,89.86015319824219
dirac,910,5,89.9011001586914
orthogonal,910,5,89.92771911621094
sparse0.5,910,5,89.91287994384766
uniform,910,6,89.78406524658203
gaussian,910,6,89.93309783935547
dirac,910,6,89.9011001586914
orthogonal,910,6,89.89916229248047
sparse0.5,910,6,89.92708587646484
uniform,920,1,89.84259033203125
gaussian,920,1,89.79119110107422
dirac,920,1,89.90217590332031
orthogonal,920,1,89.86309814453125
sparse0.5,920,1,89.8513412475586
uniform,920,2,89.73999786376953
gaussian,920,2,89.96104431152344
dirac,920,2,89.90217590332031
orthogonal,920,2,89.94734191894531
sparse0.5,920,2,89.82160949707031
uniform,920,3,89.8558578491211
gaussian,920,3,89.93892669677734
dirac,920,3,89.90218353271484
orthogonal,920,3,89.88704681396484
sparse0.5,920,3,89.92229461669922
uniform,920,4,89.79773712158203
gaussian,920,4,89.82853698730469
dirac,920,4,89.90217590332031
orthogonal,920,4,89.984130859375
sparse0.5,920,4,89.88455200195312
uniform,920,5,89.84896087646484
gaussian,920,5,89.91972351074219
dirac,920,5,89.90217590332031
orthogonal,920,5,89.93058776855469
sparse0.5,920,5,89.94850158691406
uniform,920,6,89.86297607421875
gaussian,920,6,89.9050521850586
dirac,920,6,89.90216827392578
orthogonal,920,6,89.8587417602539
sparse0.5,920,6,89.87457275390625
uniform,930,1,89.90113830566406
gaussian,930,1,89.85974884033203
dirac,930,1,89.90322875976562
orthogonal,930,1,89.87238311767578
sparse0.5,930,1,89.89264678955078
uniform,930,2,89.75239562988281
gaussian,930,2,89.94462585449219
dirac,930,2,89.90322875976562
orthogonal,930,2,89.90391540527344
sparse0.5,930,2,89.96266174316406
uniform,930,3,89.82352447509766
gaussian,930,3,89.84564208984375
dirac,930,3,89.90322875976562
orthogonal,930,3,89.93180084228516
sparse0.5,930,3,89.9183349609375
uniform,930,4,89.90958404541016
gaussian,930,4,89.8598403930664
dirac,930,4,89.90322875976562
orthogonal,930,4,89.89649200439453
sparse0.5,930,4,89.9459457397461
uniform,930,5,89.82319641113281
gaussian,930,5,89.89857482910156
dirac,930,5,89.90322875976562
orthogonal,930,5,89.89102935791016
sparse0.5,930,5,89.89642333984375
uniform,930,6,89.83318328857422
gaussian,930,6,89.8829345703125
dirac,930,6,89.90322875976562
orthogonal,930,6,89.9637222290039
sparse0.5,930,6,89.9082260131836
uniform,940,1,89.84091186523438
gaussian,940,1,89.90520477294922
dirac,940,1,89.90425872802734
orthogonal,940,1,89.86408233642578
sparse0.5,940,1,89.9041748046875
uniform,940,2,89.86703491210938
gaussian,940,2,89.98719787597656
dirac,940,2,89.90425872802734
orthogonal,940,2,89.9514389038086
sparse0.5,940,2,89.94551086425781
uniform,940,3,89.95291137695312
gaussian,940,3,89.91890716552734
dirac,940,3,89.90425872802734
orthogonal,940,3,89.9481430053711
sparse0.5,940,3,89.88971710205078
uniform,940,4,89.81603240966797
gaussian,940,4,89.90917205810547
dirac,940,4,89.90425872802734
orthogonal,940,4,89.91260528564453
sparse0.5,940,4,89.87628173828125
uniform,940,5,89.8837661743164
gaussian,940,5,89.91028594970703
dirac,940,5,89.90425872802734
orthogonal,940,5,89.87623596191406
sparse0.5,940,5,89.88419342041016
uniform,940,6,89.83228302001953
gaussian,940,6,89.90764617919922
dirac,940,6,89.90425872802734
orthogonal,940,6,89.87808990478516
sparse0.5,940,6,89.91512298583984
uniform,950,1,90.01325988769531
gaussian,950,1,89.90882873535156
dirac,950,1,89.90526580810547
orthogonal,950,1,89.83991241455078
sparse0.5,950,1,89.84439849853516
uniform,950,2,89.81504821777344
gaussian,950,2,89.89456176757812
dirac,950,2,89.90526580810547
orthogonal,950,2,90.03115844726562
sparse0.5,950,2,89.92868041992188
uniform,950,3,89.82698822021484
gaussian,950,3,89.9237060546875
dirac,950,3,89.90526580810547
orthogonal,950,3,89.88836669921875
sparse0.5,950,3,89.93656158447266
uniform,950,4,89.85746765136719
gaussian,950,4,89.92587280273438
dirac,950,4,89.90526580810547
orthogonal,950,4,89.87291717529297
sparse0.5,950,4,89.8873291015625
uniform,950,5,89.84342956542969
gaussian,950,5,89.92890930175781
dirac,950,5,89.90526580810547
orthogonal,950,5,89.91023254394531
sparse0.5,950,5,89.93180847167969
uniform,950,6,89.82146453857422
gaussian,950,6,89.8716049194336
dirac,950,6,89.90526580810547
orthogonal,950,6,89.9207992553711
sparse0.5,950,6,89.89363861083984
uniform,960,1,89.77869415283203
gaussian,960,1,89.93183898925781
dirac,960,1,89.90625
orthogonal,960,1,89.87236785888672
sparse0.5,960,1,89.8065414428711
uniform,960,2,89.86421966552734
gaussian,960,2,89.94558715820312
dirac,960,2,89.90625
orthogonal,960,2,89.91188049316406
sparse0.5,960,2,89.97555541992188
uniform,960,3,89.85445404052734
gaussian,960,3,89.84576416015625
dirac,960,3,89.90625
orthogonal,960,3,89.86835479736328
sparse0.5,960,3,89.9476089477539
uniform,960,4,89.84686279296875
gaussian,960,4,89.90669250488281
dirac,960,4,89.90625
orthogonal,960,4,89.8958740234375
sparse0.5,960,4,89.88050079345703
uniform,960,5,89.8582992553711
gaussian,960,5,89.8884506225586
dirac,960,5,89.90625
orthogonal,960,5,89.88912963867188
sparse0.5,960,5,89.8968734741211
uniform,960,6,89.85541534423828
gaussian,960,6,89.89682006835938
dirac,960,6,89.90625
orthogonal,960,6,89.91757202148438
sparse0.5,960,6,89.94216918945312
uniform,970,1,89.81378173828125
gaussian,970,1,89.96851348876953
dirac,970,1,89.90721893310547
orthogonal,970,1,89.8897705078125
sparse0.5,970,1,89.80200958251953
uniform,970,2,89.88981628417969
gaussian,970,2,89.8944091796875
dirac,970,2,89.90721893310547
orthogonal,970,2,89.93748474121094
sparse0.5,970,2,90.017333984375
uniform,970,3,89.83563232421875
gaussian,970,3,89.90140533447266
dirac,970,3,89.90721893310547
orthogonal,970,3,89.88955688476562
sparse0.5,970,3,89.90535736083984
uniform,970,4,89.81334686279297
gaussian,970,4,89.98779296875
dirac,970,4,89.90721893310547
orthogonal,970,4,89.91506958007812
sparse0.5,970,4,89.90020751953125
uniform,970,5,89.8040542602539
gaussian,970,5,89.89517974853516
dirac,970,5,89.90721893310547
orthogonal,970,5,89.94402313232422
sparse0.5,970,5,89.9240951538086
uniform,970,6,89.85260772705078
gaussian,970,6,89.9390869140625
dirac,970,6,89.90721893310547
orthogonal,970,6,89.90474700927734
sparse0.5,970,6,89.89020538330078
uniform,980,1,89.9111099243164
gaussian,980,1,89.88799285888672
dirac,980,1,89.90816497802734
orthogonal,980,1,89.8846435546875
sparse0.5,980,1,90.01371765136719
uniform,980,2,89.84363555908203
gaussian,980,2,89.94387817382812
dirac,980,2,89.90816497802734
orthogonal,980,2,89.86358642578125
sparse0.5,980,2,89.94003295898438
uniform,980,3,89.85851287841797
gaussian,980,3,89.9344482421875
dirac,980,3,89.90816497802734
orthogonal,980,3,89.88777923583984
sparse0.5,980,3,89.8892822265625
uniform,980,4,89.90695190429688
gaussian,980,4,89.89459991455078
dirac,980,4,89.90816497802734
orthogonal,980,4,89.97257995605469
sparse0.5,980,4,89.92140197753906
uniform,980,5,89.87052154541016
gaussian,980,5,89.89128875732422
dirac,980,5,89.90816497802734
orthogonal,980,5,89.92462158203125
sparse0.5,980,5,89.88355255126953
uniform,980,6,89.8572769165039
gaussian,980,6,89.91608428955078
dirac,980,6,89.90816497802734
orthogonal,980,6,89.9098129272461
sparse0.5,980,6,89.93646240234375
uniform,990,1,89.89019775390625
gaussian,990,1,89.93579864501953
dirac,990,1,89.90909576416016
orthogonal,990,1,89.91371154785156
sparse0.5,990,1,89.9383316040039
uniform,990,2,89.85124969482422
gaussian,990,2,89.87263488769531
dirac,990,2,89.90909576416016
orthogonal,990,2,89.88954162597656
sparse0.5,990,2,89.89764404296875
uniform,990,3,89.81444549560547
gaussian,990,3,89.9107437133789
dirac,990,3,89.90909576416016
orthogonal,990,3,89.89813232421875
sparse0.5,990,3,89.95211029052734
uniform,990,4,89.86271667480469
gaussian,990,4,89.86085510253906
dirac,990,4,89.90909576416016
orthogonal,990,4,89.92596435546875
sparse0.5,990,4,89.88298034667969
uniform,990,5,89.84765625
gaussian,990,5,89.89812469482422
dirac,990,5,89.90909576416016
orthogonal,990,5,89.91825103759766
sparse0.5,990,5,89.8766098022461
uniform,990,6,89.84342193603516
gaussian,990,6,89.87145233154297
dirac,990,6,89.90909576416016
orthogonal,990,6,89.88008880615234
sparse0.5,990,6,89.9198989868164
uniform,1000,1,89.77851104736328
gaussian,1000,1,89.92076110839844
dirac,1000,1,89.91000366210938
orthogonal,1000,1,89.82991790771484
sparse0.5,1000,1,89.9613265991211
uniform,1000,2,89.91736602783203
gaussian,1000,2,89.9732666015625
dirac,1000,2,89.91000366210938
orthogonal,1000,2,89.91471862792969
sparse0.5,1000,2,90.00769805908203
uniform,1000,3,89.83197021484375
gaussian,1000,3,89.8360595703125
dirac,1000,3,89.91000366210938
orthogonal,1000,3,89.93425750732422
sparse0.5,1000,3,89.90628814697266
uniform,1000,4,89.79533386230469
gaussian,1000,4,89.92399597167969
dirac,1000,4,89.91000366210938
orthogonal,1000,4,89.89529418945312
sparse0.5,1000,4,89.84275817871094
uniform,1000,5,89.89573669433594
gaussian,1000,5,89.90731048583984
dirac,1000,5,89.91000366210938
orthogonal,1000,5,89.91511535644531
sparse0.5,1000,5,89.87599182128906
uniform,1000,6,89.88430786132812
gaussian,1000,6,89.93241119384766
dirac,1000,6,89.91000366210938
orthogonal,1000,6,89.87579345703125
sparse0.5,1000,6,89.90585327148438
