weight_decay,hidden_features,num_models,abs_mean_val,abs_mean_diff,eigval_diff,eigvec_angle
0.0,20,2,0.11116764694452286,0.01942768320441246,0.08084235340356827,89.96163177490234
0.0,40,2,0.08341226726770401,0.015217393636703491,0.04433939978480339,90.2565689086914
0.0,60,2,0.06876643747091293,0.00920051895081997,0.046486321836709976,89.96028900146484
0.0,80,2,0.06012739613652229,0.009007526561617851,0.01877784915268421,90.1064224243164
0.0,100,2,0.05448709800839424,0.004571113269776106,0.01592184789478779,90.08426666259766
0.0,120,2,0.04943767189979553,0.00556035665795207,0.010242852382361889,90.06108856201172
0.0,140,2,0.04581277817487717,0.006051566451787949,0.007124617230147123,90.01372528076172
0.0,160,2,0.042841583490371704,0.006698609795421362,0.009304615668952465,90.02336883544922
0.0,180,2,0.040469683706760406,0.003784025553613901,0.023689715191721916,89.9234848022461
0.0,200,2,0.03838229179382324,0.0035036182962358,0.02402869053184986,89.99475860595703
0.0,220,2,0.03665124624967575,0.004331608302891254,0.012715394608676434,89.9677963256836
0.0,240,2,0.03516926243901253,0.005703252740204334,0.011108734644949436,89.99553680419922
0.0,260,2,0.03383471071720123,0.002268331591039896,0.009922622703015804,89.9892578125
0.0,280,2,0.03258775174617767,0.0018726012203842402,0.0051437183283269405,89.9725341796875
0.0,300,2,0.03146563097834587,0.0028509413823485374,0.006796371191740036,90.02283477783203
0.0,320,2,0.030453559011220932,0.0025016842409968376,0.009891546331346035,89.9973373413086
0.0,340,2,0.029637789353728294,0.0031058802269399166,0.007130209356546402,89.989013671875
0.0,360,2,0.02883143723011017,0.0029038044158369303,0.007946542464196682,89.97965240478516
0.0,380,2,0.028115952387452126,0.0015821832930669188,0.004806250799447298,89.96746826171875
0.0,400,2,0.027349870651960373,0.0014346654061228037,0.00538426311686635,89.99386596679688
0.0,420,2,0.026771798729896545,0.002559374552220106,0.004250129219144583,89.9898910522461
0.0,440,2,0.026163334026932716,0.0014490525936707854,0.0038493238389492035,89.971435546875
0.0,460,2,0.025670558214187622,0.0019669814500957727,0.008061732165515423,89.9955825805664
0.0,480,2,0.02508021518588066,0.0014363025547936559,0.0069426014088094234,89.9866943359375
0.0,500,2,0.024628588929772377,0.0020493322517722845,0.004584028851240873,89.99465942382812
0.02,20,2,0.07372749596834183,0.020746856927871704,0.03265403211116791,89.64651489257812
0.02,40,2,0.04796445369720459,0.042954038828611374,0.14483821392059326,89.27764129638672
0.02,60,2,0.035609640181064606,0.04456404596567154,0.08531118184328079,89.6017074584961
0.02,80,2,0.028510987758636475,0.02692374214529991,0.07745843380689621,89.72699737548828
0.02,100,2,0.023912187665700912,0.05154421180486679,0.08300425857305527,89.64470672607422
0.02,120,2,0.02014934830367565,0.01786862686276436,0.06848422437906265,89.6346435546875
0.02,140,2,0.017925893887877464,0.019880244508385658,0.05317634716629982,89.8131332397461
0.02,160,2,0.015882473438978195,0.018860921263694763,0.02464807964861393,89.77996826171875
0.02,180,2,0.014253360219299793,0.025838702917099,0.06782098859548569,89.7652587890625
0.02,200,2,0.013095797970890999,0.01778496988117695,0.055382709950208664,89.67572784423828
0.02,220,2,0.012171950191259384,0.029750019311904907,0.034833721816539764,89.79717254638672
0.02,240,2,0.011176714673638344,0.018272729590535164,0.02967064268887043,89.70264434814453
0.02,260,2,0.01045660674571991,0.021266352385282516,0.024219369515776634,89.60655975341797
0.02,280,2,0.009809404611587524,0.02092130109667778,0.04493940249085426,89.6179428100586
0.02,300,2,0.00920459721237421,0.0200276467949152,0.044859379529953,89.79691314697266
0.02,320,2,0.008734490722417831,0.02015298791229725,0.029033206403255463,89.60633087158203
0.02,340,2,0.008306621573865414,0.017937298864126205,0.016721680760383606,89.78387451171875
0.02,360,2,0.007810826413333416,0.01427481323480606,0.05624810978770256,89.74840545654297
0.02,380,2,0.00750490790233016,0.028407424688339233,0.03805472329258919,89.71871948242188
0.02,400,2,0.0071198344230651855,0.05420767143368721,0.11399161070585251,89.8058090209961
0.02,420,2,0.006856989115476608,0.011771868914365768,0.036869850009679794,89.7790298461914
0.02,440,2,0.006611573044210672,0.01905512437224388,0.030894754454493523,89.802490234375
0.02,460,2,0.0063339294865727425,0.03400034457445145,0.033119235187768936,89.74102020263672
0.02,480,2,0.006122128572314978,0.008435750380158424,0.04326079785823822,89.80074310302734
0.02,500,2,0.0058831749483942986,0.02671794220805168,0.055789798498153687,89.83092498779297
0.04,20,2,0.053281914442777634,0.069376640021801,0.07432249188423157,90.25054931640625
0.04,40,2,0.03238363936543465,0.038485459983348846,0.06754087656736374,89.86178588867188
0.04,60,2,0.025472840294241905,0.03990360349416733,0.07987917214632034,89.73995208740234
0.04,80,2,0.020061049610376358,0.06444290280342102,0.13073620200157166,89.5348892211914
0.04,100,2,0.0171220600605011,0.018577078357338905,0.044358331710100174,89.6702880859375
0.04,120,2,0.014680838212370872,0.028730332851409912,0.04715864732861519,89.53437042236328
0.04,140,2,0.013119315728545189,0.009444448165595531,0.029694294556975365,89.55422973632812
0.04,160,2,0.01166519708931446,0.034657418727874756,0.044616494327783585,89.51615142822266
0.04,180,2,0.010560646653175354,0.03285729140043259,0.09524289518594742,89.59457397460938
0.04,200,2,0.00978046003729105,0.011862823739647865,0.03857532516121864,89.47647857666016
0.04,220,2,0.008992167189717293,0.02348173037171364,0.04440298676490784,89.58453369140625
0.04,240,2,0.008489185944199562,0.013496282510459423,0.06463853269815445,89.55036163330078
0.04,260,2,0.007918888702988625,0.018438220024108887,0.006672132760286331,89.65155029296875
0.04,280,2,0.007510548923164606,0.02681072987616062,0.0758201852440834,89.7109146118164
0.04,300,2,0.007048198487609625,0.021504871547222137,0.03957001864910126,89.5054931640625
0.04,320,2,0.006677263882011175,0.03555619344115257,0.050009917467832565,89.6940689086914
0.04,340,2,0.006385506130754948,0.03893112763762474,0.08692052960395813,89.7405014038086
0.04,360,2,0.006063214503228664,0.023368757218122482,0.04805122688412666,89.68804168701172
0.04,380,2,0.005790391005575657,0.03292533755302429,0.06152363494038582,89.7518310546875
0.04,400,2,0.005545019172132015,0.03812505677342415,0.0948888435959816,89.89566040039062
0.04,420,2,0.005331768188625574,0.032623469829559326,0.06252633035182953,89.76139068603516
0.04,440,2,0.005162249319255352,0.026497889310121536,0.06862781196832657,89.85010528564453
0.04,460,2,0.0049517168663442135,0.01993628218770027,0.04908251762390137,89.80810546875
0.04,480,2,0.004762875381857157,0.013979248702526093,0.03946644440293312,89.82192993164062
0.04,500,2,0.004603668116033077,0.05310665816068649,0.1161433532834053,89.8362045288086
0.06,20,2,0.041538070887327194,0.043578628450632095,0.07554710656404495,90.2733383178711
0.06,40,2,0.026228785514831543,0.04995257407426834,0.06131165847182274,89.67538452148438
0.06,60,2,0.019498588517308235,0.03378619626164436,0.0998954176902771,89.6325454711914
0.06,80,2,0.01622089371085167,0.05714204162359238,0.12054779380559921,89.68807983398438
0.06,100,2,0.013822776265442371,0.03867225721478462,0.16704972088336945,89.7032470703125
0.06,120,2,0.012049425393342972,0.01542914379388094,0.03632977232336998,89.44734954833984
0.06,140,2,0.010879545472562313,0.018527571111917496,0.05827051401138306,89.41121673583984
0.06,160,2,0.009744390845298767,0.03017989918589592,0.09513646364212036,89.39651489257812
0.06,180,2,0.008972160518169403,0.034464240074157715,0.09356828778982162,89.32696533203125
0.06,200,2,0.008212490007281303,0.04367663711309433,0.127027228474617,89.56620025634766
0.06,220,2,0.0077341520227491856,0.020051531493663788,0.023638958111405373,89.2946548461914
0.06,240,2,0.007265398744493723,0.023484736680984497,0.10509582608938217,89.53302001953125
0.06,260,2,0.006749493535608053,0.04300021007657051,0.025727523490786552,89.53343963623047
0.06,280,2,0.00636295136064291,0.019108129665255547,0.04751817509531975,89.4134292602539
0.06,300,2,0.006062908563762903,0.05523708462715149,0.031454067677259445,89.58789825439453
0.06,320,2,0.005777015816420317,0.0323428139090538,0.08812367916107178,89.6285171508789
0.06,340,2,0.005457763094455004,0.034589074552059174,0.04245637357234955,89.75098419189453
0.06,360,2,0.005221659317612648,0.019960597157478333,0.02238297462463379,89.71797943115234
0.06,380,2,0.004993739537894726,0.0238858200609684,0.06596178561449051,89.81192016601562
0.06,400,2,0.004796897526830435,0.02187475562095642,0.062073513865470886,89.86911010742188
0.06,420,2,0.004606734961271286,0.04020374268293381,0.07328208535909653,89.79910278320312
0.06,440,2,0.004465029574930668,0.12625236809253693,0.24364304542541504,89.7660903930664
0.06,460,2,0.004284294322133064,0.048381026834249496,0.1542627364397049,89.89588165283203
0.06,480,2,0.004141513258218765,0.02085806056857109,0.024841075763106346,89.90985107421875
0.06,500,2,0.0040244306437671185,0.07604601234197617,0.09023857116699219,89.8691177368164
0.08,20,2,0.035591039806604385,0.03186963126063347,0.0708080306649208,90.3099594116211
0.08,40,2,0.021545231342315674,0.038122862577438354,0.09013860672712326,89.3971176147461
0.08,60,2,0.016587071120738983,0.037831563502550125,0.09831402450799942,89.4831771850586
0.08,80,2,0.013733054511249065,0.0396299846470356,0.029148941859602928,89.37464141845703
0.08,100,2,0.011671955697238445,0.02472134307026863,0.030459241941571236,89.41861724853516
0.08,120,2,0.010594007559120655,0.02413201704621315,0.03355536609888077,89.47098541259766
0.08,140,2,0.00947483628988266,0.02488229051232338,0.04962732270359993,89.29498291015625
0.08,160,2,0.008660824969410896,0.04981043189764023,0.09314807504415512,89.5217514038086
0.08,180,2,0.007897770032286644,0.03046409785747528,0.055542413145303726,89.48639678955078
0.08,200,2,0.007287048734724522,0.022123515605926514,0.06982548534870148,89.36737060546875
0.08,220,2,0.0067889755591750145,0.03563084080815315,0.0860382542014122,89.56644439697266
0.08,240,2,0.0064436583779752254,0.04628230258822441,0.11037639528512955,89.53264617919922
0.08,260,2,0.006027791183441877,0.02977362833917141,0.04090109094977379,89.53377532958984
0.08,280,2,0.005697988905012608,0.03737736865878105,0.08412817120552063,89.71085357666016
0.08,300,2,0.005415015853941441,0.06106624752283096,0.12337394803762436,89.64752197265625
0.08,320,2,0.005143445450812578,0.020132040604948997,0.07269901037216187,89.82982635498047
0.08,340,2,0.004859565291553736,0.03344854712486267,0.09560028463602066,89.83413696289062
0.08,360,2,0.0046860696747899055,0.054622430354356766,0.111597441136837,89.8079605102539
0.08,380,2,0.004521883092820644,0.051529545336961746,0.07738643884658813,89.87345123291016
0.08,400,2,0.004330751486122608,0.016572128981351852,0.06802234798669815,89.8268051147461
0.08,420,2,0.0041830046102404594,0.03759593144059181,0.14703863859176636,89.82270050048828
0.08,440,2,0.004049134440720081,0.01966039463877678,0.03266232833266258,89.80034637451172
0.08,460,2,0.003889465006068349,0.038551848381757736,0.024385696277022362,89.9178695678711
0.08,480,2,0.003765244735404849,0.013661461882293224,0.12383472919464111,89.89757537841797
0.08,500,2,0.0036289189010858536,0.05101851373910904,0.07035992294549942,89.89144134521484
0.1,20,2,0.02963692508637905,0.05161137506365776,0.164607971906662,89.9749755859375
0.1,40,2,0.018249480053782463,0.032840512692928314,0.0639294758439064,89.51250457763672
0.1,60,2,0.01437548827379942,0.04811288043856621,0.04104681685566902,89.70694732666016
0.1,80,2,0.012305880896747112,0.031383804976940155,0.07506907731294632,89.39797973632812
0.1,100,2,0.01034240610897541,0.05600855499505997,0.154363214969635,89.40467071533203
0.1,120,2,0.009473378770053387,0.026075517758727074,0.14049795269966125,89.55502319335938
0.1,140,2,0.008422881364822388,0.03910795599222183,0.07880206406116486,89.1259765625
0.1,160,2,0.007751145865768194,0.05796622112393379,0.09837821871042252,88.96942138671875
0.1,180,2,0.007194248493760824,0.0425814688205719,0.04441968724131584,89.3084945678711
0.1,200,2,0.006627601571381092,0.03790019080042839,0.051429230719804764,89.49649047851562
0.1,220,2,0.006253181491047144,0.023509826511144638,0.08547589927911758,89.43450164794922
0.1,240,2,0.005824564956128597,0.057894475758075714,0.07022760063409805,89.56600189208984
0.1,260,2,0.005512163508683443,0.06306454539299011,0.1830814927816391,89.67514038085938
0.1,280,2,0.005250561982393265,0.03833344951272011,0.06231088936328888,89.62185668945312
0.1,300,2,0.004952291026711464,0.02094457857310772,0.060132335871458054,89.7412109375
0.1,320,2,0.004686988424509764,0.033135659992694855,0.05561046302318573,89.68069458007812
0.1,340,2,0.0045173438265919685,0.05509527772665024,0.0809827372431755,89.81790924072266
0.1,360,2,0.0043205441907048225,0.01900184340775013,0.09563524276018143,89.8395767211914
0.1,380,2,0.004161739256232977,0.05422326922416687,0.12184509634971619,89.78833770751953
0.1,400,2,0.004000969231128693,0.04380045086145401,0.09785956144332886,89.88196563720703
0.1,420,2,0.003857738571241498,0.06483437120914459,0.19420571625232697,89.83953094482422
0.1,440,2,0.0036740999203175306,0.06776241213083267,0.06315699219703674,89.94393920898438
0.1,460,2,0.003563813166692853,0.0441281832754612,0.08825092762708664,89.87326049804688
0.1,480,2,0.003476584330201149,0.024158408865332603,0.10245541483163834,89.96625518798828
0.1,500,2,0.0033514772076159716,0.0352901928126812,0.059288859367370605,89.92545318603516
0.12,20,2,0.027084579691290855,0.057003699243068695,0.15890838205814362,89.96337127685547
0.12,40,2,0.0157613642513752,0.05163346603512764,0.0690293237566948,89.7348861694336
0.12,60,2,0.012356309220194817,0.061996471136808395,0.1186242401599884,89.58181762695312
0.12,80,2,0.010829039849340916,0.02495812252163887,0.06114515662193298,89.60455322265625
0.12,100,2,0.009307638742029667,0.026497837156057358,0.06245917081832886,89.09903717041016
0.12,120,2,0.008547650650143623,0.023125991225242615,0.06930404156446457,88.98444366455078
0.12,140,2,0.007648187689483166,0.05181517079472542,0.09684044122695923,89.13111114501953
0.12,160,2,0.007067736238241196,0.03473855182528496,0.08825525641441345,89.08309936523438
0.12,180,2,0.006587877869606018,0.06453554332256317,0.12689881026744843,89.37017059326172
0.12,200,2,0.006092117168009281,0.05118177458643913,0.15196967124938965,89.30245971679688
0.12,220,2,0.00573889072984457,0.03145331144332886,0.0922759473323822,89.55843353271484
0.12,240,2,0.0054173544049263,0.04285150021314621,0.12061521410942078,89.46797943115234
0.12,260,2,0.005060249473899603,0.03341413661837578,0.056982606649398804,89.74581909179688
0.12,280,2,0.0048751793801784515,0.030922099947929382,0.02843201719224453,89.75463104248047
0.12,300,2,0.004610456060618162,0.08868654072284698,0.1357281655073166,89.79595184326172
0.12,320,2,0.0044049425050616264,0.07555855065584183,0.1277666538953781,89.84162139892578
0.12,340,2,0.004222334362566471,0.053810395300388336,0.09940412640571594,89.8846206665039
0.12,360,2,0.004045521840453148,0.022529054433107376,0.06590652465820312,89.8454360961914
0.12,380,2,0.0039050455670803785,0.05458144098520279,0.07285720854997635,89.85301971435547
0.12,400,2,0.003685744944959879,0.03811611607670784,0.04901397228240967,89.86077880859375
0.12,420,2,0.003628784092143178,0.031587984412908554,0.055521298199892044,89.87926483154297
0.12,440,2,0.003451605560258031,0.07355105876922607,0.19164426624774933,89.884033203125
0.12,460,2,0.0033639823086559772,0.044268906116485596,0.14300251007080078,89.92459106445312
0.12,480,2,0.0032187621109187603,0.05016566440463066,0.18845468759536743,89.92545318603516
0.12,500,2,0.003146377857774496,0.05848318338394165,0.040593259036540985,89.9675521850586
0.14,20,2,0.023984592407941818,0.040454741567373276,0.0521751306951046,90.14128875732422
0.14,40,2,0.014145376160740852,0.03887157514691353,0.08716684579849243,89.81051635742188
0.14,60,2,0.011235297657549381,0.02598460018634796,0.06867431104183197,89.3731689453125
0.14,80,2,0.009674993343651295,0.03223468363285065,0.05992567911744118,89.088134765625
0.14,100,2,0.008703252300620079,0.030918370932340622,0.13621443510055542,89.25360107421875
0.14,120,2,0.007681108079850674,0.050701986998319626,0.12843041121959686,89.1473388671875
0.14,140,2,0.007120553404092789,0.01531972549855709,0.07049927115440369,88.9340591430664
0.14,160,2,0.0066400556825101376,0.03056131862103939,0.11396410316228867,88.97924041748047
0.14,180,2,0.006092181894928217,0.01745356060564518,0.041269149631261826,89.435302734375
0.14,200,2,0.005683159921318293,0.04328031465411186,0.1110784113407135,89.29068756103516
0.14,220,2,0.005337728653103113,0.05664272978901863,0.12203187495470047,89.3678970336914
0.14,240,2,0.005065444856882095,0.030426282435655594,0.11130011826753616,89.73751831054688
0.14,260,2,0.004756222013384104,0.036848120391368866,0.12150762230157852,89.6576919555664
0.14,280,2,0.004517334513366222,0.016439631581306458,0.12143787741661072,89.79508209228516
0.14,300,2,0.004288454540073872,0.051353819668293,0.15851707756519318,89.82344818115234
0.14,320,2,0.004112814087420702,0.049962274730205536,0.11650390177965164,89.849609375
0.14,340,2,0.003978286869823933,0.03554721921682358,0.06287786364555359,89.83040618896484
0.14,360,2,0.0037992920260876417,0.06529839336872101,0.047517482191324234,89.86368560791016
0.14,380,2,0.0036789667792618275,0.043579913675785065,0.11367125064134598,89.90264892578125
0.14,400,2,0.0035282964818179607,0.1198800578713417,0.1204480454325676,89.89836883544922
0.14,420,2,0.003397909924387932,0.04237232729792595,0.02306891418993473,89.93392944335938
0.14,440,2,0.0032784610521048307,0.02926275134086609,0.039721351116895676,89.92203521728516
0.14,460,2,0.0031312182545661926,0.045812416821718216,0.11070126295089722,89.91168975830078
0.14,480,2,0.003045158926397562,0.07661658525466919,0.06811027973890305,89.95757293701172
0.14,500,2,0.0029789379332214594,0.050312530249357224,0.0834454596042633,89.97769927978516
0.16,20,2,0.02232065238058567,0.0884309783577919,0.09947823733091354,89.62591552734375
0.16,40,2,0.012937640771269798,0.04065033048391342,0.10897506028413773,89.10894012451172
0.16,60,2,0.009906982071697712,0.047486595809459686,0.060916051268577576,89.40489959716797
0.16,80,2,0.00897032581269741,0.011246936395764351,0.04048413038253784,89.10819244384766
0.16,100,2,0.007899870164692402,0.010384192690253258,0.02834237925708294,89.10906982421875
0.16,120,2,0.007206096313893795,0.07181127369403839,0.07791060209274292,88.68416595458984
0.16,140,2,0.0066254278644919395,0.036019712686538696,0.05278535559773445,88.41764068603516
0.16,160,2,0.006104195956140757,0.05523138493299484,0.08668895810842514,88.96379852294922
0.16,180,2,0.005694293882697821,0.0714883804321289,0.11730805784463882,89.53793334960938
0.16,200,2,0.005261009559035301,0.038028258830308914,0.13518545031547546,89.42731475830078
0.16,220,2,0.005021522752940655,0.056894682347774506,0.09334573894739151,89.46051788330078
0.16,240,2,0.004766220226883888,0.0516856424510479,0.1492568403482437,89.6905288696289
0.16,260,2,0.004509163089096546,0.024652400985360146,0.1265828162431717,89.66585540771484
0.16,280,2,0.004291900899261236,0.05775143951177597,0.09963386505842209,89.682861328125
0.16,300,2,0.004109276458621025,0.04481980577111244,0.14157383143901825,89.92263793945312
0.16,320,2,0.0039027587044984102,0.03537743538618088,0.06763710081577301,89.88800048828125
0.16,340,2,0.0037523224018514156,0.029227977618575096,0.04189496114850044,89.8646240234375
0.16,360,2,0.0035788516979664564,0.07397131621837616,0.07929360121488571,89.88471221923828
0.16,380,2,0.0034804895985871553,0.05889232084155083,0.13243359327316284,89.90428924560547
0.16,400,2,0.0033174927812069654,0.10062436759471893,0.2314799576997757,89.90949249267578
0.16,420,2,0.0032149951439350843,0.02358795329928398,0.1304394155740738,89.9300308227539
0.16,440,2,0.0030907841864973307,0.056718308478593826,0.11041921377182007,89.90369415283203
0.16,460,2,0.003025919431820512,0.0946439877152443,0.07542980462312698,89.9538803100586
0.16,480,2,0.0029280397575348616,0.05124219134449959,0.14848709106445312,89.92906951904297
0.16,500,2,0.0028394002001732588,0.03326233848929405,0.16826502978801727,89.95635986328125
0.18,20,2,0.021345755085349083,0.08671623468399048,0.2067589908838272,89.94222259521484
0.18,40,2,0.012044109404087067,0.052121538668870926,0.02774578146636486,89.10138702392578
0.18,60,2,0.009120143949985504,0.04110604524612427,0.08530595153570175,88.89132690429688
0.18,80,2,0.008043557405471802,0.052307240664958954,0.16728079319000244,88.34566497802734
0.18,100,2,0.0072783841751515865,0.03564337641000748,0.09874894469976425,89.27410888671875
0.18,120,2,0.006707599852234125,0.03620483726263046,0.14805324375629425,88.9832992553711
0.18,140,2,0.006187799386680126,0.04101117327809334,0.022766267880797386,89.05963134765625
0.18,160,2,0.005668566562235355,0.05097437649965286,0.16243119537830353,89.2847900390625
0.18,180,2,0.005371376872062683,0.05232948064804077,0.07193102687597275,89.19634246826172
0.18,200,2,0.004974320065230131,0.034693606197834015,0.040693249553442,89.52706146240234
0.18,220,2,0.0047674598172307014,0.07239558547735214,0.18515534698963165,89.56390380859375
0.18,240,2,0.004459260031580925,0.02378896065056324,0.053246840834617615,89.68366241455078
0.18,260,2,0.004262291826307774,0.025820519775152206,0.055691152811050415,89.84798431396484
0.18,280,2,0.0040596043691039085,0.08833931386470795,0.23508717119693756,89.7468490600586
0.18,300,2,0.003860567230731249,0.05778587609529495,0.051027849316596985,89.859619140625
0.18,320,2,0.0037488508969545364,0.04076289385557175,0.03207515925168991,89.85295867919922
0.18,340,2,0.003534965915605426,0.026130536571145058,0.07623607665300369,89.90926361083984
0.18,360,2,0.003436686471104622,0.05022149160504341,0.08419296890497208,89.87265014648438
0.18,380,2,0.0033077772241085768,0.10325147211551666,0.2785353660583496,89.87435913085938
0.18,400,2,0.0031660336535423994,0.029759149998426437,0.16697418689727783,89.95133209228516
0.18,420,2,0.003049194347113371,0.046119242906570435,0.07105530053377151,89.92464447021484
0.18,440,2,0.002959716599434614,0.1431731879711151,0.17101366817951202,89.96319580078125
0.18,460,2,0.002916359808295965,0.12109141051769257,0.41693082451820374,90.01787567138672
0.18,480,2,0.0027870575431734324,0.05879603698849678,0.15289406478405,89.97303009033203
0.18,500,2,0.0027223031502217054,0.05354388430714607,0.07536262273788452,89.96427154541016
0.2,20,2,0.019132226705551147,0.09993794560432434,0.165730282664299,89.75247192382812
0.2,40,2,0.011573512107133865,0.034767039120197296,0.09676165133714676,89.5645980834961
0.2,60,2,0.008649878203868866,0.01877051591873169,0.05380118265748024,89.20728302001953
0.2,80,2,0.007516342215240002,0.048824116587638855,0.15874530375003815,89.10071563720703
0.2,100,2,0.006894991733133793,0.04599172994494438,0.06511162966489792,88.55779266357422
0.2,120,2,0.006169969215989113,0.09082000702619553,0.21702343225479126,88.6983413696289
0.2,140,2,0.005849659442901611,0.04260779172182083,0.05494174733757973,88.81824493408203
0.2,160,2,0.005427107214927673,0.019943656399846077,0.09293613582849503,88.98943328857422
0.2,180,2,0.005080678500235081,0.04801584780216217,0.05299440026283264,89.0807876586914
0.2,200,2,0.00473178131505847,0.09367531538009644,0.25827595591545105,89.46234130859375
0.2,220,2,0.004590543452650309,0.05519891902804375,0.11134281009435654,89.6591796875
0.2,240,2,0.004259306471794844,0.05056248977780342,0.0603761188685894,89.69483184814453
0.2,260,2,0.004036526661366224,0.025710005313158035,0.0869327187538147,89.7275619506836
0.2,280,2,0.0038166462909430265,0.07006283849477768,0.2266703099012375,89.83402252197266
0.2,300,2,0.0037060105241835117,0.06866806000471115,0.05867372080683708,89.97318267822266
0.2,320,2,0.003536440897732973,0.03855772688984871,0.023618681356310844,89.79084014892578
0.2,340,2,0.0034025374334305525,0.05817444249987602,0.179578498005867,89.82119750976562
0.2,360,2,0.003288992214947939,0.05803617089986801,0.13657350838184357,89.94046783447266
0.2,380,2,0.0031811948865652084,0.09402640163898468,0.2172793596982956,89.88766479492188
0.2,400,2,0.0030546693596988916,0.08089521527290344,0.15698283910751343,89.94998931884766
0.2,420,2,0.0029460485093295574,0.05592425912618637,0.06880789250135422,89.97320556640625
0.2,440,2,0.002855787519365549,0.07606230676174164,0.18376761674880981,89.97566986083984
0.2,460,2,0.002761121140792966,0.08236461877822876,0.04032379761338234,89.97660064697266
0.2,480,2,0.0026820723433047533,0.12780113518238068,0.2610599398612976,89.9892807006836
0.2,500,2,0.002598075894638896,0.03940000757575035,0.14379224181175232,89.9937515258789
0.22,20,2,0.017621655017137527,0.0715206041932106,0.1885407716035843,90.77338409423828
0.22,40,2,0.010829387232661247,0.02484028972685337,0.05188709869980812,89.49486541748047
0.22,60,2,0.008211193606257439,0.0602903738617897,0.12617962062358856,88.85318756103516
0.22,80,2,0.006983255501836538,0.015500699169933796,0.12143678218126297,88.77084350585938
0.22,100,2,0.006494384258985519,0.02903970144689083,0.04797228053212166,88.7113037109375
0.22,120,2,0.005892938002943993,0.05461067706346512,0.14056234061717987,88.25963592529297
0.22,140,2,0.005552681628614664,0.05795090273022652,0.09117516130208969,89.03670501708984
0.22,160,2,0.005189474672079086,0.011308437213301659,0.06357704848051071,89.30207061767578
0.22,180,2,0.0047755613923072815,0.044499319046735764,0.1466207057237625,89.3164291381836
0.22,200,2,0.004511041566729546,0.04911674186587334,0.12831681966781616,89.5787124633789
0.22,220,2,0.004248559009283781,0.012470213696360588,0.09232518821954727,89.76443481445312
0.22,240,2,0.004049528390169144,0.07122651487588882,0.1269627809524536,89.80364990234375
0.22,260,2,0.0039031158667057753,0.05400126054883003,0.12763772904872894,89.83528900146484
0.22,280,2,0.003723297268152237,0.06144232675433159,0.12719480693340302,89.77246856689453
0.22,300,2,0.0035176915116608143,0.043565042316913605,0.11160384863615036,89.81404876708984
0.22,320,2,0.003408412216231227,0.03408379107713699,0.14097487926483154,89.74665069580078
0.22,340,2,0.003287921193987131,0.028311818838119507,0.09160657972097397,89.90682220458984
0.22,360,2,0.003137438092380762,0.08065257966518402,0.13199730217456818,89.93187713623047
0.22,380,2,0.003061028430238366,0.037659626454114914,0.17063407599925995,89.9559097290039
0.22,400,2,0.0029139332473278046,0.10228334367275238,0.1397508978843689,89.97509765625
0.22,420,2,0.002856359351426363,0.11541520059108734,0.26545849442481995,89.9739761352539
0.22,440,2,0.0027402816340327263,0.11221154034137726,0.2797018587589264,89.969970703125
0.22,460,2,0.0026570125482976437,0.10779043287038803,0.2561821937561035,89.99153900146484
0.22,480,2,0.002575969323515892,0.08376362174749374,0.20712675154209137,89.9498062133789
0.22,500,2,0.002529751043766737,0.09749800711870193,0.25434592366218567,89.99088287353516
0.24,20,2,0.01742030866444111,0.06728611141443253,0.17525292932987213,89.3374252319336
0.24,40,2,0.010273570194840431,0.03756747767329216,0.02736417017877102,89.42803955078125
0.24,60,2,0.007950717583298683,0.021991867572069168,0.045146431773900986,88.55987548828125
0.24,80,2,0.006572035141289234,0.03217485919594765,0.07037824392318726,88.36886596679688
0.24,100,2,0.005967042874544859,0.0514693446457386,0.08156803995370865,88.7976303100586
0.24,120,2,0.005493136588484049,0.0227398369461298,0.06965029984712601,88.86638641357422
0.24,140,2,0.0051886336877942085,0.0284719355404377,0.09566637873649597,88.9713363647461
0.24,160,2,0.004893357865512371,0.05879933387041092,0.10298611968755722,89.41424560546875
0.24,180,2,0.00458421278744936,0.027550751343369484,0.10844093561172485,89.333740234375
0.24,200,2,0.004280442371964455,0.07602058351039886,0.1124652549624443,89.59442901611328
0.24,220,2,0.004060324747115374,0.039142459630966187,0.0886889174580574,89.7108383178711
0.24,240,2,0.003880070988088846,0.06083184480667114,0.08982633799314499,89.7042465209961
0.24,260,2,0.0037487223744392395,0.0444428026676178,0.17153309285640717,89.86951446533203
0.24,280,2,0.0035665244795382023,0.052466146647930145,0.22667086124420166,89.83524322509766
0.24,300,2,0.003409878583624959,0.06646044552326202,0.12773869931697845,89.7608642578125
0.24,320,2,0.0032182943541556597,0.02589420974254608,0.10231032222509384,89.90567016601562
0.24,340,2,0.0031318259425461292,0.05524933338165283,0.21571512520313263,89.96263885498047
0.24,360,2,0.0030384622514247894,0.011195512488484383,0.014470476657152176,89.8631820678711
0.24,380,2,0.002944580279290676,0.08194975554943085,0.2707349359989166,89.9882583618164
0.24,400,2,0.002821793779730797,0.013348782435059547,0.17688167095184326,89.92910766601562
0.24,420,2,0.002756546949967742,0.051605381071567535,0.11818313598632812,89.9561996459961
0.24,440,2,0.002646137960255146,0.07970325648784637,0.26712068915367126,89.99347686767578
0.24,460,2,0.0025948863476514816,0.2163064181804657,0.40925130248069763,89.97704315185547
0.24,480,2,0.00247806403785944,0.07084117084741592,0.21066774427890778,89.98699188232422
0.24,500,2,0.002411920577287674,0.08121834695339203,0.16561996936798096,89.95519256591797
0.26,20,2,0.016969412565231323,0.10023204982280731,0.13922832906246185,88.91193389892578
0.26,40,2,0.009732222184538841,0.05073603242635727,0.041002459824085236,88.99498748779297
0.26,60,2,0.007717633154243231,0.0446779690682888,0.07569576054811478,88.57428741455078
0.26,80,2,0.0062758708372712135,0.04254402965307236,0.05544660985469818,88.78781127929688
0.26,100,2,0.005625088699162006,0.024494707584381104,0.04692993685603142,88.38675689697266
0.26,120,2,0.005245566833764315,0.08174671232700348,0.12415996938943863,88.70868682861328
0.26,140,2,0.004908318631350994,0.031237170100212097,0.1067982017993927,89.06139373779297
0.26,160,2,0.004662127234041691,0.02072944864630699,0.048669517040252686,88.9788818359375
0.26,180,2,0.004397951532155275,0.059122711420059204,0.052111830562353134,89.39189910888672
0.26,200,2,0.004112632013857365,0.08425404876470566,0.18526886403560638,89.7330322265625
0.26,220,2,0.003967193886637688,0.0630931556224823,0.09932254999876022,89.53286743164062
0.26,240,2,0.003787923138588667,0.04464566335082054,0.09214096516370773,89.73117065429688
0.26,260,2,0.003580986289307475,0.03502890095114708,0.11009544134140015,89.8060073852539
0.26,280,2,0.0034394178073853254,0.05465046316385269,0.0717163160443306,89.88285064697266
0.26,300,2,0.0032754610292613506,0.04356050863862038,0.19748415052890778,89.92727661132812
0.26,320,2,0.0031649298034608364,0.03696536645293236,0.13429489731788635,89.91048431396484
0.26,340,2,0.0030360110104084015,0.08377950638532639,0.2812408208847046,89.93863677978516
0.26,360,2,0.0029138692189007998,0.11553404480218887,0.181185781955719,89.94368743896484
0.26,380,2,0.002829981967806816,0.11685720831155777,0.0824676975607872,89.94500732421875
0.26,400,2,0.0026851866859942675,0.1019439846277237,0.22811798751354218,89.93497467041016
0.26,420,2,0.0026391237042844296,0.07420466095209122,0.07967503368854523,89.89641571044922
0.26,440,2,0.002545908559113741,0.07520825415849686,0.1854964941740036,89.9854507446289
0.26,460,2,0.002473528031259775,0.11024632304906845,0.22712303698062897,89.95355224609375
0.26,480,2,0.0024341351818293333,0.061801571398973465,0.058337967842817307,89.9908676147461
0.26,500,2,0.0023367409594357014,0.029574092477560043,0.10555876046419144,89.99381256103516
0.28,20,2,0.015707597136497498,0.0546230785548687,0.1476774662733078,89.63748168945312
0.28,40,2,0.008955223485827446,0.02455662563443184,0.10282620787620544,89.0500259399414
0.28,60,2,0.007259122096002102,0.022555390372872353,0.0433930903673172,88.3591079711914
0.28,80,2,0.005993436090648174,0.01657847687602043,0.05948398634791374,88.46199798583984
0.28,100,2,0.0054052481427788734,0.015237374231219292,0.06744282692670822,88.63777923583984
0.28,120,2,0.005000867880880833,0.02216149866580963,0.029956365004181862,88.63790893554688
0.28,140,2,0.004783662501722574,0.044958967715501785,0.184198796749115,88.94388580322266
0.28,160,2,0.004400821402668953,0.05351658910512924,0.07133951038122177,89.3673095703125
0.28,180,2,0.004147944040596485,0.04708194360136986,0.15734972059726715,89.59854888916016
0.28,200,2,0.00401842687278986,0.07210276275873184,0.18600530922412872,89.65392303466797
0.28,220,2,0.0037363278679549694,0.01278604380786419,0.06435687094926834,89.82000732421875
0.28,240,2,0.0035549949388951063,0.08256205171346664,0.09253684431314468,89.86566162109375
0.28,260,2,0.0034171249717473984,0.057758498936891556,0.22803889214992523,89.8647232055664
0.28,280,2,0.003259639022871852,0.07159850746393204,0.13722215592861176,89.84859466552734
0.28,300,2,0.003146876348182559,0.06116894632577896,0.10832348465919495,89.9329605102539
0.28,320,2,0.003025554586201906,0.02601465955376625,0.09823776036500931,89.8941421508789
0.28,340,2,0.0029395027086138725,0.05649077892303467,0.10636387020349503,89.8361587524414
0.28,360,2,0.0028228231240063906,0.018444916233420372,0.13660122454166412,89.90196990966797
0.28,380,2,0.002711111679673195,0.05138568952679634,0.23751908540725708,89.9485092163086
0.28,400,2,0.0026385686360299587,0.04570423439145088,0.09602320194244385,89.97595977783203
0.28,420,2,0.0025722833815962076,0.08610738813877106,0.23350699245929718,89.9233169555664
0.28,440,2,0.0024673703592270613,0.11767397820949554,0.41050228476524353,89.9622573852539
0.28,460,2,0.0024220054037868977,0.05283429101109505,0.21292120218276978,89.963623046875
0.28,480,2,0.0023283404298126698,0.1300605982542038,0.2337198257446289,89.99271392822266
0.28,500,2,0.0022866942454129457,0.03376346454024315,0.09553208202123642,89.98919677734375
0.3,20,2,0.014811823144555092,0.04566671699285507,0.17383183538913727,90.16189575195312
0.3,40,2,0.008893371559679508,0.07585673779249191,0.07979310303926468,89.68311309814453
0.3,60,2,0.006912942044436932,0.03460065647959709,0.06129735708236694,88.0296630859375
0.3,80,2,0.00586898485198617,0.03649550676345825,0.011421284638345242,87.61865234375
0.3,100,2,0.0050745392218232155,0.0525435134768486,0.04913688078522682,88.76431274414062
0.3,120,2,0.004695309791713953,0.03455003350973129,0.13998740911483765,88.92813873291016
0.3,140,2,0.004402774386107922,0.0907740592956543,0.1121000349521637,88.88008880615234
0.3,160,2,0.004186082631349564,0.013340502977371216,0.031862977892160416,89.49950408935547
0.3,180,2,0.003993196412920952,0.0494762621819973,0.09018082171678543,89.49649047851562
0.3,200,2,0.003787851659581065,0.04977921396493912,0.20705796778202057,89.60224151611328
0.3,220,2,0.0036165311466902494,0.07798140496015549,0.21290205419063568,89.7150650024414
0.3,240,2,0.0033604309428483248,0.10550335794687271,0.25806084275245667,89.76978302001953
0.3,260,2,0.003302851691842079,0.05780796334147453,0.04624049738049507,89.78472137451172
0.3,280,2,0.0032115685753524303,0.03967099264264107,0.11500509828329086,89.88262939453125
0.3,300,2,0.003042574506253004,0.13626596331596375,0.34978732466697693,89.99288177490234
0.3,320,2,0.002906295470893383,0.1327870786190033,0.3720831871032715,89.7934341430664
0.3,340,2,0.002862493973225355,0.08716349303722382,0.1512945145368576,89.9073486328125
0.3,360,2,0.0027415796648710966,0.07994714379310608,0.27635905146598816,89.9395523071289
0.3,380,2,0.0026364626828581095,0.06193367391824722,0.1519542932510376,89.94952392578125
0.3,400,2,0.002557325642555952,0.14612147212028503,0.18564875423908234,89.9477767944336
0.3,420,2,0.0024625645019114017,0.08102284371852875,0.0988745465874672,89.9767074584961
0.3,440,2,0.0024023388978093863,0.054913461208343506,0.0859900489449501,90.02706146240234
0.3,460,2,0.0023432669695466757,0.1654299795627594,0.37202444672584534,89.95403289794922
0.3,480,2,0.002289702882990241,0.04792512580752373,0.23022814095020294,89.96546173095703
0.3,500,2,0.0022085392847657204,0.06564157456159592,0.17659826576709747,89.97882080078125
0.32,20,2,0.014352354221045971,0.03589028865098953,0.10062840580940247,90.26776885986328
0.32,40,2,0.008523681201040745,0.046496160328388214,0.044146910309791565,89.86420440673828
0.32,60,2,0.0066774263978004456,0.02763189747929573,0.08182913064956665,88.90921020507812
0.32,80,2,0.0056684729643166065,0.08731057494878769,0.10165146738290787,88.79501342773438
0.32,100,2,0.004845624323934317,0.027561655268073082,0.09536706656217575,88.23958587646484
0.32,120,2,0.004506856203079224,0.049717407673597336,0.08619675785303116,88.7368392944336
0.32,140,2,0.00419651810079813,0.041860032826662064,0.06969399005174637,89.21918487548828
0.32,160,2,0.004041541367769241,0.03440873697400093,0.14903464913368225,89.19193267822266
0.32,180,2,0.0038024839013814926,0.07593889534473419,0.15221476554870605,89.65995025634766
0.32,200,2,0.0036777686327695847,0.07135378569364548,0.20060576498508453,89.76061248779297
0.32,220,2,0.0035063005052506924,0.09610573947429657,0.14767611026763916,89.7837905883789
0.32,240,2,0.0033710249699652195,0.061144180595874786,0.07452179491519928,89.60521697998047
0.32,260,2,0.003196343081071973,0.0471608005464077,0.03633436933159828,89.8680191040039
0.32,280,2,0.003072932828217745,0.05120200663805008,0.12390908598899841,89.81868743896484
0.32,300,2,0.002904139691963792,0.06436441838741302,0.10847380012273788,89.91950225830078
0.32,320,2,0.002867684233933687,0.12699279189109802,0.32051926851272583,89.8890151977539
0.32,340,2,0.00272133550606668,0.07399977743625641,0.1884952336549759,89.95796966552734
0.32,360,2,0.0026543973945081234,0.05473030358552933,0.10566072911024094,89.94866180419922
0.32,380,2,0.0025647152215242386,0.09893038123846054,0.20658357441425323,90.02938842773438
0.32,400,2,0.002486471552401781,0.08776038885116577,0.13901738822460175,89.95441436767578
0.32,420,2,0.0024120754096657038,0.12769249081611633,0.35842981934547424,90.01680755615234
0.32,440,2,0.002355592092499137,0.07858043164014816,0.2045689821243286,89.9970932006836
0.32,460,2,0.00226046284660697,0.02981632389128208,0.07450548559427261,90.0224838256836
0.32,480,2,0.0022068764083087444,0.06103191524744034,0.14035648107528687,90.00223541259766
0.32,500,2,0.0021284599788486958,0.1652473509311676,0.33510684967041016,89.9872055053711
0.34,20,2,0.013078001327812672,0.041769929230213165,0.05244376137852669,89.72124481201172
0.34,40,2,0.008267554454505444,0.06154583767056465,0.1680564135313034,89.06106567382812
0.34,60,2,0.0064750732854008675,0.030627036467194557,0.09057693928480148,87.9481430053711
0.34,80,2,0.005400317721068859,0.01817142590880394,0.08009210228919983,87.70376586914062
0.34,100,2,0.004738542716950178,0.03729516640305519,0.22613835334777832,88.1081314086914
0.34,120,2,0.0042924354784190655,0.041994620114564896,0.17596983909606934,89.0671157836914
0.34,140,2,0.00404531043022871,0.04046856239438057,0.048525359481573105,89.17828369140625
0.34,160,2,0.003829312976449728,0.07983128726482391,0.0988042950630188,89.35760498046875
0.34,180,2,0.003659617155790329,0.044963449239730835,0.07906090468168259,89.58322143554688
0.34,200,2,0.0035249427892267704,0.02901856042444706,0.030269987881183624,89.65961456298828
0.34,220,2,0.0032792617566883564,0.16766399145126343,0.31829801201820374,89.7971420288086
0.34,240,2,0.003209530608728528,0.060086749494075775,0.12707240879535675,89.88510131835938
0.34,260,2,0.0030802995897829533,0.03403260186314583,0.08640396595001221,89.78279876708984
0.34,280,2,0.00296312989667058,0.03737083449959755,0.10050787776708603,89.93633270263672
0.34,300,2,0.0028508843388408422,0.02493310533463955,0.20711427927017212,89.87236785888672
0.34,320,2,0.0027595856226980686,0.05770222097635269,0.2432194948196411,89.9490966796875
0.34,340,2,0.002684263978153467,0.07179303467273712,0.143077090382576,89.98249053955078
0.34,360,2,0.002561581786721945,0.09512294828891754,0.2933182716369629,89.98870849609375
0.34,380,2,0.002467225305736065,0.05038962885737419,0.24614888429641724,89.97738647460938
0.34,400,2,0.002429169835522771,0.08476629108190536,0.14727358520030975,89.99202728271484
0.34,420,2,0.0023570971097797155,0.07712002098560333,0.11756239086389542,89.9737319946289
0.34,440,2,0.0022575524635612965,0.04422890767455101,0.2052316814661026,90.004150390625
0.34,460,2,0.0022036104928702116,0.03543805330991745,0.057305242866277695,90.00080108642578
0.34,480,2,0.002132535446435213,0.05098153278231621,0.11051938682794571,90.01806640625
0.34,500,2,0.0021050074137747288,0.08594824373722076,0.13287872076034546,90.02117919921875
0.36,20,2,0.012746025808155537,0.03706364706158638,0.13953107595443726,89.4028091430664
0.36,40,2,0.007799676153808832,0.026331868022680283,0.03716481477022171,88.7924575805664
0.36,60,2,0.006206512451171875,0.045453641563653946,0.10237457603216171,88.18675994873047
0.36,80,2,0.005331132560968399,0.018212132155895233,0.09201705455780029,87.94757080078125
0.36,100,2,0.004557399544864893,0.030992265790700912,0.1332959085702896,88.17940521240234
0.36,120,2,0.004111103713512421,0.07898928970098495,0.35794195532798767,88.53963470458984
0.36,140,2,0.0038749005179852247,0.03578693047165871,0.07508627325296402,88.9876937866211
0.36,160,2,0.0037235270719975233,0.11819122731685638,0.2093409299850464,89.55044555664062
0.36,180,2,0.0034677584189921618,0.046958401799201965,0.10159791260957718,89.71157836914062
0.36,200,2,0.0033683734945952892,0.05807967111468315,0.21662551164627075,89.75704193115234
0.36,220,2,0.0031855006236582994,0.03668544813990593,0.07826969027519226,89.8073959350586
0.36,240,2,0.003090881509706378,0.09639766067266464,0.23196716606616974,89.84405517578125
0.36,260,2,0.0029407739639282227,0.04044412821531296,0.07279544323682785,89.87435150146484
0.36,280,2,0.002865654183551669,0.09764556586742401,0.28843405842781067,89.90191650390625
0.36,300,2,0.0028114409651607275,0.04791612550616264,0.07152608036994934,89.99742889404297
0.36,320,2,0.002677965210750699,0.07878510653972626,0.13369473814964294,89.8503189086914
0.36,340,2,0.0025771402288228273,0.04934925585985184,0.10707765072584152,89.94368743896484
0.36,360,2,0.0025023245252668858,0.0806659683585167,0.25963661074638367,89.9540786743164
0.36,380,2,0.002410974819213152,0.08019179850816727,0.10107240825891495,89.9794921875
0.36,400,2,0.002366390312090516,0.029790913686156273,0.19240085780620575,89.94519805908203
0.36,420,2,0.0022909019608050585,0.04443635046482086,0.15242457389831543,90.0012435913086
0.36,440,2,0.002217217581346631,0.1386478841304779,0.3559850752353668,90.00829315185547
0.36,460,2,0.002156786620616913,0.09029281139373779,0.09880775213241577,89.96158599853516
0.36,480,2,0.0021056602708995342,0.03466632217168808,0.2438710778951645,89.97957611083984
0.36,500,2,0.0020258896984159946,0.040265653282403946,0.07402762770652771,89.99603271484375
0.38,20,2,0.012796608731150627,0.11967872083187103,0.23177242279052734,90.49515533447266
0.38,40,2,0.007634208537638187,0.04302027076482773,0.06074482202529907,89.00009155273438
0.38,60,2,0.005993611179292202,0.04274161905050278,0.04843028262257576,88.71614837646484
0.38,80,2,0.005243030376732349,0.022530775517225266,0.06082863733172417,87.2492904663086
0.38,100,2,0.004541093483567238,0.010507376864552498,0.034990571439266205,87.85088348388672
0.38,120,2,0.003992648795247078,0.04440004378557205,0.07498525828123093,88.53199005126953
0.38,140,2,0.0037003830075263977,0.06438829004764557,0.17716531455516815,89.39469146728516
0.38,160,2,0.0035948683507740498,0.08415777236223221,0.139576718211174,89.58329010009766
0.38,180,2,0.0033759945072233677,0.051954109221696854,0.07531771063804626,89.61444854736328
0.38,200,2,0.0032288203947246075,0.03600034862756729,0.08146315068006516,89.69744873046875
0.38,220,2,0.003133544698357582,0.07786484062671661,0.16808468103408813,89.73101043701172
0.38,240,2,0.002973951632156968,0.0559418685734272,0.17818187177181244,89.8937759399414
0.38,260,2,0.002862129360437393,0.12185077369213104,0.29786887764930725,89.91259765625
0.38,280,2,0.0027821792755275965,0.06101902201771736,0.13013295829296112,89.91107177734375
0.38,300,2,0.0026927278377115726,0.03341102600097656,0.15851734578609467,89.84386444091797
0.38,320,2,0.002564340131357312,0.05324288457632065,0.23298883438110352,90.00313568115234
0.38,340,2,0.0025456915609538555,0.08502866327762604,0.13057391345500946,89.94601440429688
0.38,360,2,0.0024256978649646044,0.03022327460348606,0.2737375795841217,89.98735809326172
0.38,380,2,0.0023381838109344244,0.20909686386585236,0.4816790521144867,90.0073013305664
0.38,400,2,0.002288872841745615,0.10048814862966537,0.19071273505687714,89.996337890625
0.38,420,2,0.0022101227659732103,0.1392354518175125,0.22463922202587128,89.9996337890625
0.38,440,2,0.0021606779191643,0.20638760924339294,0.1514052003622055,89.97835540771484
0.38,460,2,0.0020981200505048037,0.1994630992412567,0.4118558168411255,89.9718246459961
0.38,480,2,0.0020283893682062626,0.18573114275932312,0.32422706484794617,90.0018310546875
0.38,500,2,0.002002605702728033,0.06092141196131706,0.23332172632217407,89.99799346923828
0.4,20,2,0.012007645331323147,0.07714369148015976,0.18433190882205963,89.93827056884766
0.4,40,2,0.007225610315799713,0.034589290618896484,0.07247810810804367,89.42903900146484
0.4,60,2,0.005762562155723572,0.022670414298772812,0.11216241121292114,87.44420623779297
0.4,80,2,0.004981183912605047,0.04392498731613159,0.12357637286186218,87.82479095458984
0.4,100,2,0.004319657571613789,0.0365351065993309,0.061121538281440735,88.87808227539062
0.4,120,2,0.0037706985604017973,0.04602138325572014,0.09794285148382187,88.8776626586914
0.4,140,2,0.0036033564247190952,0.035989560186862946,0.0918998122215271,89.0541763305664
0.4,160,2,0.0034486211370676756,0.057604558765888214,0.22282473742961884,89.39031219482422
0.4,180,2,0.003262734040617943,0.09837280213832855,0.1428016573190689,89.63106536865234
0.4,200,2,0.003151415381580591,0.0663347914814949,0.31476113200187683,89.71001434326172
0.4,220,2,0.003015059046447277,0.11866037547588348,0.2273302525281906,89.83072662353516
0.4,240,2,0.0029134214855730534,0.10758717358112335,0.2011968493461609,89.7872314453125
0.4,260,2,0.002786635421216488,0.07029286026954651,0.21524155139923096,89.9603500366211
0.4,280,2,0.0026980380062013865,0.13638263940811157,0.2461899071931839,89.88311004638672
0.4,300,2,0.002638670150190592,0.05831829458475113,0.0671263113617897,89.86966705322266
0.4,320,2,0.0025301536079496145,0.08378847688436508,0.23035363852977753,89.89696502685547
0.4,340,2,0.002466673729941249,0.07451295107603073,0.13202978670597076,89.98542022705078
0.4,360,2,0.0023805475793778896,0.04039529711008072,0.15019993484020233,89.99142456054688
0.4,380,2,0.0023139172699302435,0.05944865942001343,0.2934909760951996,89.9671859741211
0.4,400,2,0.0022167949937283993,0.1098051518201828,0.32177093625068665,89.98143768310547
0.4,420,2,0.002166817430406809,0.04848628118634224,0.11210310459136963,89.97369384765625
0.4,440,2,0.0021073222160339355,0.10132010281085968,0.20672793686389923,90.00982666015625
0.4,460,2,0.002050110138952732,0.05741509795188904,0.17797888815402985,90.03299713134766
0.4,480,2,0.0020029996521770954,0.20140795409679413,0.41276445984840393,90.001953125
0.4,500,2,0.0019472092390060425,0.24626536667346954,0.5835021138191223,89.96721649169922
